{"version":1,"data":"{\"lastSaved\":\"2022-05-18T07:21:42.519158Z\",\"patchVersion\":0,\"achievements\":[{\"type\":\"TrophySet1\",\"progress\":1,\"tier\":4},{\"type\":\"TrophySet2\",\"progress\":0,\"tier\":3},{\"type\":\"CoinsFromFriends\",\"progress\":0,\"tier\":0},{\"type\":\"OwnCharacters\",\"progress\":131,\"tier\":4},{\"type\":\"CompleteMissions\",\"progress\":100,\"tier\":2},{\"type\":\"CompleteDailyInRow\",\"progress\":13,\"tier\":1},{\"type\":\"OwnBoards\",\"progress\":148,\"tier\":4},{\"type\":\"TopRunMedal\",\"progress\":10,\"tier\":1},{\"type\":\"PickupPowerups\",\"progress\":1386,\"tier\":2},{\"type\":\"OwnOutfits\",\"progress\":152,\"tier\":4},{\"type\":\"ScoreNoCoinsSingleRun\",\"progress\":2147483647,\"tier\":4},{\"type\":\"MissionsSingleRun\",\"progress\":26,\"tier\":4},{\"type\":\"TopRunRank1\",\"progress\":5,\"tier\":2},{\"type\":\"SneakersActive\",\"progress\":429,\"tier\":4},{\"type\":\"PickupCoinsSingleRun\",\"progress\":0,\"tier\":1},{\"type\":\"PickupKeys\",\"progress\":27,\"tier\":2},{\"type\":\"OpenMysteryBoxes\",\"progress\":182,\"tier\":2},{\"type\":\"ScoreNoDodgeSingleRun\",\"progress\":2147483647,\"tier\":4},{\"type\":\"WordysComplete\",\"progress\":4,\"tier\":0},{\"type\":\"WordysCompleteSingleEvent\",\"progress\":1,\"tier\":1},{\"type\":\"Jackpots\",\"progress\":0,\"tier\":0},{\"type\":\"OpenSuperMysteryBoxes\",\"progress\":84,\"tier\":2},{\"type\":\"TopRunRank0\",\"progress\":3,\"tier\":1},{\"type\":\"ScoreSingleLane\",\"progress\":2147483647,\"tier\":4},{\"type\":\"WatchAdForKeys\",\"progress\":14,\"tier\":3},{\"type\":\"DailyChallengeClaim\",\"progress\":93,\"tier\":2},{\"type\":\"DailyChallengeComplete\",\"progress\":9,\"tier\":1},{\"type\":\"TopRunChampion\",\"progress\":2,\"tier\":0}]}"}