{"version":1,"data":"{\"lastSaved\":\"2022-05-18T07:21:44.828882Z\",\"patchVersion\":0,\"dailyVideoRewardIndex\":0,\"dailyVideoRewardsSeed\":3589758336,\"adPlacementsDailyCap\":{\"adsShown\":{},\"lastCapReset\":\"2022-05-18T07:21:43.39471Z\",\"lastTimeShown\":\"0001-01-01T08:00:00Z\"},\"interstitialViews\":{\"dailyShowCount\":0,\"SessionShowCount\":0,\"lastTimeShown\":\"0001-01-01T08:00:00Z\"},\"totalDailyCount\":0,\"multipleReviveTimestamp\":\"2022-05-16T09:27:10.16129Z\",\"multipleReviveCount\":0}"}