{"version":3,"data":"{\"lastSaved\":\"2022-05-18T07:21:42.500437Z\",\"patchVersion\":1,\"selected\":\"parasol\",\"lastPermanentSelectedBoard\":null,\"owned\":{\"default\":{\"value\":{\"id\":\"default\",\"ownedUpgrades\":{}},\"expirationType\":0},\"waveRider\":{\"value\":{\"id\":\"waveRider\",\"ownedUpgrades\":{}},\"expirationType\":0},\"bassBlaster\":{\"value\":{\"id\":\"bassBlaster\",\"ownedUpgrades\":{\"jumper\":{\"value\":true,\"expirationType\":0},\"trail\":{\"value\":true,\"expirationType\":0}}},\"expirationType\":0},\"yellowCab\":{\"value\":{\"id\":\"yellowCab\",\"ownedUpgrades\":{\"default\":{\"value\":true,\"expirationType\":0}}},\"expirationType\":0},\"ukulele\":{\"value\":{\"id\":\"ukulele\",\"ownedUpgrades\":{}},\"expirationType\":0},\"turtle\":{\"value\":{\"id\":\"turtle\",\"ownedUpgrades\":{\"trail\":{\"value\":true,\"expirationType\":0}}},\"expirationType\":0},\"wayfarer\":{\"value\":{\"id\":\"wayfarer\",\"ownedUpgrades\":{\"glider\":{\"value\":true,\"expirationType\":0},\"default\":{\"value\":true,\"expirationType\":0}}},\"expirationType\":0},\"woody\":{\"value\":{\"id\":\"woody\",\"ownedUpgrades\":{}},\"expirationType\":0},\"thunderbolt\":{\"value\":{\"id\":\"thunderbolt\",\"ownedUpgrades\":{\"default\":{\"value\":true,\"expirationType\":0}}},\"expirationType\":0},\"teleporter\":{\"value\":{\"id\":\"teleporter\",\"ownedUpgrades\":{\"default\":{\"value\":true,\"expirationType\":0}}},\"expirationType\":0},\"starcruiser\":{\"value\":{\"id\":\"starcruiser\",\"ownedUpgrades\":{}},\"expirationType\":0},\"sunset\":{\"value\":{\"id\":\"sunset\",\"ownedUpgrades\":{\"glider\":{\"value\":true,\"expirationType\":0},\"trail\":{\"value\":true,\"expirationType\":0},\"default\":{\"value\":true,\"expirationType\":0}}},\"expirationType\":0},\"superhero\":{\"value\":{\"id\":\"superhero\",\"ownedUpgrades\":{\"jumper\":{\"value\":true,\"expirationType\":0},\"teleport\":{\"value\":true,\"expirationType\":0},\"default\":{\"value\":true,\"expirationType\":0}}},\"expirationType\":0},\"sweetheart\":{\"value\":{\"id\":\"sweetheart\",\"ownedUpgrades\":{}},\"expirationType\":0},\"teddy\":{\"value\":{\"id\":\"teddy\",\"ownedUpgrades\":{}},\"expirationType\":0},\"tumi\":{\"value\":{\"id\":\"tumi\",\"ownedUpgrades\":{\"teleport\":{\"value\":true,\"expirationType\":0}}},\"expirationType\":0},\"toucan\":{\"value\":{\"id\":\"toucan\",\"ownedUpgrades\":{\"default\":{\"value\":true,\"expirationType\":0}}},\"expirationType\":0},\"tiki\":{\"value\":{\"id\":\"tiki\",\"ownedUpgrades\":{}},\"expirationType\":0},\"spaceship\":{\"value\":{\"id\":\"spaceship\",\"ownedUpgrades\":{}},\"expirationType\":0},\"splash\":{\"value\":{\"id\":\"splash\",\"ownedUpgrades\":{\"default\":{\"value\":true,\"expirationType\":0}}},\"expirationType\":0},\"diablo\":{\"value\":{\"id\":\"diablo\",\"ownedUpgrades\":{}},\"expirationType\":0},\"stallion\":{\"value\":{\"id\":\"stallion\",\"ownedUpgrades\":{\"jumper\":{\"value\":true,\"expirationType\":0},\"trail\":{\"value\":true,\"expirationType\":0},\"default\":{\"value\":true,\"expirationType\":0}}},\"expirationType\":0},\"starboard\":{\"value\":{\"id\":\"starboard\",\"ownedUpgrades\":{\"doubleJump\":{\"value\":true,\"expirationType\":0},\"trail\":{\"value\":true,\"expirationType\":0},\"default\":{\"value\":true,\"expirationType\":0}}},\"expirationType\":0},\"scroll\":{\"value\":{\"id\":\"scroll\",\"ownedUpgrades\":{}},\"expirationType\":0},\"skullFire\":{\"value\":{\"id\":\"skullFire\",\"ownedUpgrades\":{\"highSpeed\":{\"value\":true,\"expirationType\":0},\"doubleJump\":{\"value\":true,\"expirationType\":0},\"default\":{\"value\":true,\"expirationType\":0}}},\"expirationType\":0},\"sleigh\":{\"value\":{\"id\":\"sleigh\",\"ownedUpgrades\":{}},\"expirationType\":0},\"freestyler\":{\"value\":{\"id\":\"freestyler\",\"ownedUpgrades\":{\"jumper\":{\"value\":true,\"expirationType\":0},\"doubleJump\":{\"value\":true,\"expirationType\":0},\"default\":{\"value\":true,\"expirationType\":0}}},\"expirationType\":0},\"snowflake\":{\"value\":{\"id\":\"snowflake\",\"ownedUpgrades\":{}},\"expirationType\":0},\"scratchy\":{\"value\":{\"id\":\"scratchy\",\"ownedUpgrades\":{}},\"expirationType\":0},\"scoot\":{\"value\":{\"id\":\"scoot\",\"ownedUpgrades\":{\"highSpeed\":{\"value\":true,\"expirationType\":0},\"teleport\":{\"value\":true,\"expirationType\":0},\"default\":{\"value\":true,\"expirationType\":0}}},\"expirationType\":0},\"rudy\":{\"value\":{\"id\":\"rudy\",\"ownedUpgrades\":{}},\"expirationType\":0},\"roto\":{\"value\":{\"id\":\"roto\",\"ownedUpgrades\":{}},\"expirationType\":0},\"scarab\":{\"value\":{\"id\":\"scarab\",\"ownedUpgrades\":{\"highSpeed\":{\"value\":true,\"expirationType\":0},\"glider\":{\"value\":true,\"expirationType\":0}}},\"expirationType\":0},\"rickshaw\":{\"value\":{\"id\":\"rickshaw\",\"ownedUpgrades\":{\"default\":{\"value\":true,\"expirationType\":0}}},\"expirationType\":0},\"roller\":{\"value\":{\"id\":\"roller\",\"ownedUpgrades\":{}},\"expirationType\":0},\"rose\":{\"value\":{\"id\":\"rose\",\"ownedUpgrades\":{\"default\":{\"value\":true,\"expirationType\":0}}},\"expirationType\":0},\"rockstar\":{\"value\":{\"id\":\"rockstar\",\"ownedUpgrades\":{\"default\":{\"value\":true,\"expirationType\":0}}},\"expirationType\":0},\"rocket\":{\"value\":{\"id\":\"rocket\",\"ownedUpgrades\":{\"highSpeed\":{\"value\":true,\"expirationType\":0},\"trail\":{\"value\":true,\"expirationType\":0}}},\"expirationType\":0},\"speeder\":{\"value\":{\"id\":\"speeder\",\"ownedUpgrades\":{}},\"expirationType\":0},\"ray\":{\"value\":{\"id\":\"ray\",\"ownedUpgrades\":{}},\"expirationType\":0},\"punk\":{\"value\":{\"id\":\"punk\",\"ownedUpgrades\":{}},\"expirationType\":0},\"retroWave\":{\"value\":{\"id\":\"retroWave\",\"ownedUpgrades\":{}},\"expirationType\":0},\"renegade\":{\"value\":{\"id\":\"renegade\",\"ownedUpgrades\":{\"default\":{\"value\":true,\"expirationType\":0}}},\"expirationType\":0},\"pedal\":{\"value\":{\"id\":\"pedal\",\"ownedUpgrades\":{}},\"expirationType\":0},\"phantom\":{\"value\":{\"id\":\"phantom\",\"ownedUpgrades\":{\"teleport\":{\"value\":true,\"expirationType\":0}}},\"expirationType\":0},\"pixelHeart\":{\"value\":{\"id\":\"pixelHeart\",\"ownedUpgrades\":{}},\"expirationType\":0},\"prickly\":{\"value\":{\"id\":\"prickly\",\"ownedUpgrades\":{}},\"expirationType\":0},\"pumpkin\":{\"value\":{\"id\":\"pumpkin\",\"ownedUpgrades\":{}},\"expirationType\":0},\"oldDusty\":{\"value\":{\"id\":\"oldDusty\",\"ownedUpgrades\":{\"trail\":{\"value\":true,\"expirationType\":0},\"default\":{\"value\":true,\"expirationType\":0}}},\"expirationType\":0},\"monster\":{\"value\":{\"id\":\"monster\",\"ownedUpgrades\":{\"superJump\":{\"value\":true,\"expirationType\":0},\"highSpeed\":{\"value\":true,\"expirationType\":0},\"default\":{\"value\":true,\"expirationType\":0}}},\"expirationType\":0},\"orni\":{\"value\":{\"id\":\"orni\",\"ownedUpgrades\":{\"glider\":{\"value\":true,\"expirationType\":0}}},\"expirationType\":0},\"medal\":{\"value\":{\"id\":\"medal\",\"ownedUpgrades\":{}},\"expirationType\":0},\"moose\":{\"value\":{\"id\":\"moose\",\"ownedUpgrades\":{\"default\":{\"value\":true,\"expirationType\":0}}},\"expirationType\":0},\"mosaic\":{\"value\":{\"id\":\"mosaic\",\"ownedUpgrades\":{}},\"expirationType\":0},\"naga\":{\"value\":{\"id\":\"naga\",\"ownedUpgrades\":{}},\"expirationType\":0},\"parasol\":{\"value\":{\"id\":\"parasol\",\"ownedUpgrades\":{}},\"expirationType\":0},\"panda\":{\"value\":{\"id\":\"panda\",\"ownedUpgrades\":{}},\"expirationType\":0},\"outback\":{\"value\":{\"id\":\"outback\",\"ownedUpgrades\":{}},\"expirationType\":0},\"liberty\":{\"value\":{\"id\":\"liberty\",\"ownedUpgrades\":{\"default\":{\"value\":true,\"expirationType\":0}}},\"expirationType\":0},\"lion\":{\"value\":{\"id\":\"lion\",\"ownedUpgrades\":{}},\"expirationType\":0},\"lowrider\":{\"value\":{\"id\":\"lowrider\",\"ownedUpgrades\":{\"default\":{\"value\":true,\"expirationType\":0}}},\"expirationType\":0},\"lumberjack\":{\"value\":{\"id\":\"lumberjack\",\"ownedUpgrades\":{\"lowrider\":{\"value\":true,\"expirationType\":0},\"doubleJump\":{\"value\":true,\"expirationType\":0},\"default\":{\"value\":true,\"expirationType\":0}}},\"expirationType\":0},\"magicCarpet\":{\"value\":{\"id\":\"magicCarpet\",\"ownedUpgrades\":{\"jumper\":{\"value\":true,\"expirationType\":0},\"glider\":{\"value\":true,\"expirationType\":0}}},\"expirationType\":0},\"leaf\":{\"value\":{\"id\":\"leaf\",\"ownedUpgrades\":{}},\"expirationType\":0},\"jewelled\":{\"value\":{\"id\":\"jewelled\",\"ownedUpgrades\":{}},\"expirationType\":0},\"jazz\":{\"value\":{\"id\":\"jazz\",\"ownedUpgrades\":{\"superJump\":{\"value\":true,\"expirationType\":0},\"highSpeed\":{\"value\":true,\"expirationType\":0}}},\"expirationType\":0},\"hotrod\":{\"value\":{\"id\":\"hotrod\",\"ownedUpgrades\":{\"default\":{\"value\":true,\"expirationType\":0}}},\"expirationType\":0},\"hotdog\":{\"value\":{\"id\":\"hotdog\",\"ownedUpgrades\":{\"default\":{\"value\":true,\"expirationType\":0}}},\"expirationType\":0},\"hexed\":{\"value\":{\"id\":\"hexed\",\"ownedUpgrades\":{}},\"expirationType\":0},\"jingles\":{\"value\":{\"id\":\"jingles\",\"ownedUpgrades\":{\"superJump\":{\"value\":true,\"expirationType\":0},\"trail\":{\"value\":true,\"expirationType\":0}}},\"expirationType\":0},\"jouster\":{\"value\":{\"id\":\"jouster\",\"ownedUpgrades\":{}},\"expirationType\":0},\"kickOff\":{\"value\":{\"id\":\"kickOff\",\"ownedUpgrades\":{}},\"expirationType\":0},\"kitty\":{\"value\":{\"id\":\"kitty\",\"ownedUpgrades\":{\"default\":{\"value\":true,\"expirationType\":0}}},\"expirationType\":0},\"groovy\":{\"value\":{\"id\":\"groovy\",\"ownedUpgrades\":{\"trail\":{\"value\":true,\"expirationType\":0},\"default\":{\"value\":true,\"expirationType\":0}}},\"expirationType\":0},\"goat\":{\"value\":{\"id\":\"goat\",\"ownedUpgrades\":{\"default\":{\"value\":true,\"expirationType\":0}}},\"expirationType\":0},\"gondola\":{\"value\":{\"id\":\"gondola\",\"ownedUpgrades\":{}},\"expirationType\":0},\"hammer\":{\"value\":{\"id\":\"hammer\",\"ownedUpgrades\":{}},\"expirationType\":0},\"windglider\":{\"value\":{\"id\":\"windglider\",\"ownedUpgrades\":{\"default\":{\"value\":true,\"expirationType\":0}}},\"expirationType\":0},\"glacier\":{\"value\":{\"id\":\"glacier\",\"ownedUpgrades\":{}},\"expirationType\":0},\"flyingHorse\":{\"value\":{\"id\":\"flyingHorse\",\"ownedUpgrades\":{}},\"expirationType\":0},\"flamingo\":{\"value\":{\"id\":\"flamingo\",\"ownedUpgrades\":{}},\"expirationType\":0},\"fireDragon\":{\"value\":{\"id\":\"fireDragon\",\"ownedUpgrades\":{}},\"expirationType\":0},\"eagle\":{\"value\":{\"id\":\"eagle\",\"ownedUpgrades\":{}},\"expirationType\":0},\"dragon\":{\"value\":{\"id\":\"dragon\",\"ownedUpgrades\":{}},\"expirationType\":0},\"desertRacer\":{\"value\":{\"id\":\"desertRacer\",\"ownedUpgrades\":{\"default\":{\"value\":true,\"expirationType\":0}}},\"expirationType\":0},\"daredevil\":{\"value\":{\"id\":\"daredevil\",\"ownedUpgrades\":{\"default\":{\"value\":true,\"expirationType\":0}}},\"expirationType\":0},\"cruiser\":{\"value\":{\"id\":\"cruiser\",\"ownedUpgrades\":{}},\"expirationType\":0},\"croc\":{\"value\":{\"id\":\"croc\",\"ownedUpgrades\":{\"default\":{\"value\":true,\"expirationType\":0}}},\"expirationType\":0},\"coral\":{\"value\":{\"id\":\"coral\",\"ownedUpgrades\":{}},\"expirationType\":0},\"colorCloud\":{\"value\":{\"id\":\"colorCloud\",\"ownedUpgrades\":{\"teleport\":{\"value\":true,\"expirationType\":0},\"highSpeed\":{\"value\":true,\"expirationType\":0}}},\"expirationType\":0},\"cobra\":{\"value\":{\"id\":\"cobra\",\"ownedUpgrades\":{}},\"expirationType\":0},\"chooChoo\":{\"value\":{\"id\":\"chooChoo\",\"ownedUpgrades\":{}},\"expirationType\":0},\"chicky\":{\"value\":{\"id\":\"chicky\",\"ownedUpgrades\":{\"highSpeed\":{\"value\":true,\"expirationType\":0},\"trail\":{\"value\":true,\"expirationType\":0},\"default\":{\"value\":true,\"expirationType\":0}}},\"expirationType\":0},\"chrome\":{\"value\":{\"id\":\"chrome\",\"ownedUpgrades\":{}},\"expirationType\":0},\"clockwork\":{\"value\":{\"id\":\"clockwork\",\"ownedUpgrades\":{}},\"expirationType\":0},\"cherry\":{\"value\":{\"id\":\"cherry\",\"ownedUpgrades\":{}},\"expirationType\":0},\"chameleon\":{\"value\":{\"id\":\"chameleon\",\"ownedUpgrades\":{}},\"expirationType\":0},\"birthday\":{\"value\":{\"id\":\"birthday\",\"ownedUpgrades\":{}},\"expirationType\":0},\"casket\":{\"value\":{\"id\":\"casket\",\"ownedUpgrades\":{}},\"expirationType\":0},\"bubblegum\":{\"value\":{\"id\":\"bubblegum\",\"ownedUpgrades\":{\"default\":{\"value\":true,\"expirationType\":0}}},\"expirationType\":0},\"bouncer\":{\"value\":{\"id\":\"bouncer\",\"ownedUpgrades\":{\"default\":{\"value\":true,\"expirationType\":0}}},\"expirationType\":0},\"birdie\":{\"value\":{\"id\":\"birdie\",\"ownedUpgrades\":{\"default\":{\"value\":true,\"expirationType\":0}}},\"expirationType\":0},\"bigKahuna\":{\"value\":{\"id\":\"bigKahuna\",\"ownedUpgrades\":{\"lowrider\":{\"value\":true,\"expirationType\":0},\"glider\":{\"value\":true,\"expirationType\":0},\"default\":{\"value\":true,\"expirationType\":0}}},\"expirationType\":0},\"bigBlue\":{\"value\":{\"id\":\"bigBlue\",\"ownedUpgrades\":{}},\"expirationType\":0},\"betty\":{\"value\":{\"id\":\"betty\",\"ownedUpgrades\":{}},\"expirationType\":0},\"bengal\":{\"value\":{\"id\":\"bengal\",\"ownedUpgrades\":{\"default\":{\"value\":true,\"expirationType\":0}}},\"expirationType\":0},\"banana\":{\"value\":{\"id\":\"banana\",\"ownedUpgrades\":{}},\"expirationType\":0},\"bamboo\":{\"value\":{\"id\":\"bamboo\",\"ownedUpgrades\":{}},\"expirationType\":0},\"aero\":{\"value\":{\"id\":\"aero\",\"ownedUpgrades\":{\"glider\":{\"value\":true,\"expirationType\":0},\"highSpeed\":{\"value\":true,\"expirationType\":0}}},\"expirationType\":0},\"4thOfJuly\":{\"value\":{\"id\":\"4thOfJuly\",\"ownedUpgrades\":{\"highSpeed\":{\"value\":true,\"expirationType\":0},\"trail\":{\"value\":true,\"expirationType\":0}}},\"expirationType\":0},\"nflpaMahomes\":{\"value\":{\"id\":\"nflpaMahomes\",\"ownedUpgrades\":{}},\"expirationType\":0},\"nflpaBeckham\":{\"value\":{\"id\":\"nflpaBeckham\",\"ownedUpgrades\":{}},\"expirationType\":0},\"nflpaBrady\":{\"value\":{\"id\":\"nflpaBrady\",\"ownedUpgrades\":{}},\"expirationType\":0},\"nflpaJackson\":{\"value\":{\"id\":\"nflpaJackson\",\"ownedUpgrades\":{}},\"expirationType\":0},\"nflpaBarkley\":{\"value\":{\"id\":\"nflpaBarkley\",\"ownedUpgrades\":{}},\"expirationType\":0},\"nflpaPrescott\":{\"value\":{\"id\":\"nflpaPrescott\",\"ownedUpgrades\":{}},\"expirationType\":0},\"greatWhite\":{\"value\":{\"id\":\"greatWhite\",\"ownedUpgrades\":{\"glider\":{\"value\":true,\"expirationType\":0},\"speed\":{\"value\":true,\"expirationType\":0},\"default\":{\"value\":true,\"expirationType\":0}}},\"expirationType\":0},\"sakarSurfSpray\":{\"value\":{\"id\":\"sakarSurfSpray\",\"ownedUpgrades\":{\"default\":{\"value\":true,\"expirationType\":0}}},\"expirationType\":0},\"sakarWildStyle\":{\"value\":{\"id\":\"sakarWildStyle\",\"ownedUpgrades\":{\"default\":{\"value\":true,\"expirationType\":0}}},\"expirationType\":0},\"sakarCrew\":{\"value\":{\"id\":\"sakarCrew\",\"ownedUpgrades\":{\"default\":{\"value\":true,\"expirationType\":0}}},\"expirationType\":0},\"sakarBlueIce\":{\"value\":{\"id\":\"sakarBlueIce\",\"ownedUpgrades\":{\"default\":{\"value\":true,\"expirationType\":0}}},\"expirationType\":0},\"sakarCrewCrush\":{\"value\":{\"id\":\"sakarCrewCrush\",\"ownedUpgrades\":{\"default\":{\"value\":true,\"expirationType\":0}}},\"expirationType\":0},\"beelzebook\":{\"value\":{\"id\":\"beelzebook\",\"ownedUpgrades\":{}},\"expirationType\":0},\"secretSociety\":{\"value\":{\"id\":\"secretSociety\",\"ownedUpgrades\":{}},\"expirationType\":0},\"endeavour\":{\"value\":{\"id\":\"endeavour\",\"ownedUpgrades\":{}},\"expirationType\":0},\"discovery\":{\"value\":{\"id\":\"discovery\",\"ownedUpgrades\":{}},\"expirationType\":0},\"crane\":{\"value\":{\"id\":\"crane\",\"ownedUpgrades\":{}},\"expirationType\":0},\"buddyBear\":{\"value\":{\"id\":\"buddyBear\",\"ownedUpgrades\":{}},\"expirationType\":0},\"uprock\":{\"value\":{\"id\":\"uprock\",\"ownedUpgrades\":{}},\"expirationType\":0},\"bunny\":{\"value\":{\"id\":\"bunny\",\"ownedUpgrades\":{\"default\":{\"value\":true,\"expirationType\":0}}},\"expirationType\":0},\"shuttle\":{\"value\":{\"id\":\"shuttle\",\"ownedUpgrades\":{}},\"expirationType\":0},\"birthday2021\":{\"value\":{\"id\":\"birthday2021\",\"ownedUpgrades\":{}},\"expirationType\":0},\"viking\":{\"value\":{\"id\":\"viking\",\"ownedUpgrades\":{\"default\":{\"value\":true,\"expirationType\":0}}},\"expirationType\":0},\"queenofhearts\":{\"value\":{\"id\":\"queenofhearts\",\"ownedUpgrades\":{\"default\":{\"value\":true,\"expirationType\":0}}},\"expirationType\":0},\"dragonBoat\":{\"value\":{\"id\":\"dragonBoat\",\"ownedUpgrades\":{}},\"expirationType\":0},\"paintPalette\":{\"value\":{\"id\":\"paintPalette\",\"ownedUpgrades\":{}},\"expirationType\":0},\"sakura\":{\"value\":{\"id\":\"sakura\",\"ownedUpgrades\":{\"default\":{\"value\":true,\"expirationType\":0}}},\"expirationType\":0},\"camel\":{\"value\":{\"id\":\"camel\",\"ownedUpgrades\":{\"default\":{\"value\":true,\"expirationType\":0}}},\"expirationType\":0},\"torito\":{\"value\":{\"id\":\"torito\",\"ownedUpgrades\":{\"default\":{\"value\":true,\"expirationType\":0}}},\"expirationType\":0},\"mapleLeaf\":{\"value\":{\"id\":\"mapleLeaf\",\"ownedUpgrades\":{\"glider\":{\"value\":true,\"expirationType\":0},\"superJump\":{\"value\":true,\"expirationType\":0},\"default\":{\"value\":true,\"expirationType\":0}}},\"expirationType\":0},\"beachPop\":{\"value\":{\"id\":\"beachPop\",\"ownedUpgrades\":{\"default\":{\"value\":true,\"expirationType\":0}}},\"expirationType\":0},\"beach\":{\"value\":{\"id\":\"beach\",\"ownedUpgrades\":{}},\"expirationType\":0},\"gingerBoom\":{\"value\":{\"id\":\"gingerBoom\",\"ownedUpgrades\":{}},\"expirationType\":0},\"lunarTiger\":{\"value\":{\"id\":\"lunarTiger\",\"ownedUpgrades\":{}},\"expirationType\":0},\"spring\":{\"value\":{\"id\":\"spring\",\"ownedUpgrades\":{}},\"expirationType\":0},\"crashTest\":{\"value\":{\"id\":\"crashTest\",\"ownedUpgrades\":{\"highSpeed\":{\"value\":true,\"expirationType\":0}}},\"expirationType\":0},\"superSurfer\":{\"value\":{\"id\":\"superSurfer\",\"ownedUpgrades\":{\"default\":{\"value\":true,\"expirationType\":0}}},\"expirationType\":0},\"birthday2022\":{\"value\":{\"id\":\"birthday2022\",\"ownedUpgrades\":{\"default\":{\"value\":true,\"expirationType\":0}}},\"expirationType\":0}}}"}