{"version":3,"data":"{\"lastSaved\":\"2022-05-18T07:21:42.507366Z\",\"patchVersion\":2,\"selected\":{\"character\":\"koral\",\"outfit\":\"default\"},\"lastPermanentSelectedCharacter\":{\"character\":null,\"outfit\":null},\"owned\":{\"jake\":{\"value\":{\"id\":\"jake\",\"ownedOutfits\":[{\"value\":\"default\",\"expirationType\":0},{\"value\":\"starOutfit\",\"expirationType\":0},{\"value\":\"darkOutfit\",\"expirationType\":0}],\"lastOutfit\":null},\"expirationType\":0},\"dino\":{\"value\":{\"id\":\"dino\",\"ownedOutfits\":[{\"value\":\"default\",\"expirationType\":0}],\"lastOutfit\":\"default\"},\"expirationType\":0},\"mimi\":{\"value\":{\"id\":\"mimi\",\"ownedOutfits\":[{\"value\":\"default\",\"expirationType\":0},{\"value\":\"folkOutfit\",\"expirationType\":0}],\"lastOutfit\":null},\"expirationType\":0},\"boombot\":{\"value\":{\"id\":\"boombot\",\"ownedOutfits\":[{\"value\":\"default\",\"expirationType\":0}],\"lastOutfit\":null},\"expirationType\":0},\"yutani\":{\"value\":{\"id\":\"yutani\",\"ownedOutfits\":[{\"value\":\"default\",\"expirationType\":0},{\"value\":\"gadgetOutfit\",\"expirationType\":0}],\"lastOutfit\":\"default\"},\"expirationType\":0},\"fresh\":{\"value\":{\"id\":\"fresh\",\"ownedOutfits\":[{\"value\":\"default\",\"expirationType\":0},{\"value\":\"sportOutfit\",\"expirationType\":0},{\"value\":\"funkOutfit\",\"expirationType\":0}],\"lastOutfit\":\"default\"},\"expirationType\":0},\"tricky\":{\"value\":{\"id\":\"tricky\",\"ownedOutfits\":[{\"value\":\"default\",\"expirationType\":0},{\"value\":\"camoOutfit\",\"expirationType\":0},{\"value\":\"heartOutfit\",\"expirationType\":0}],\"lastOutfit\":\"default\"},\"expirationType\":0},\"monkbot\":{\"value\":{\"id\":\"monkbot\",\"ownedOutfits\":[{\"value\":\"default\",\"expirationType\":0}],\"lastOutfit\":\"default\"},\"expirationType\":0},\"darryl\":{\"value\":{\"id\":\"darryl\",\"ownedOutfits\":[{\"value\":\"default\",\"expirationType\":0},{\"value\":\"gonzoOutfit\",\"expirationType\":0}],\"lastOutfit\":\"default\"},\"expirationType\":0},\"jack\":{\"value\":{\"id\":\"jack\",\"ownedOutfits\":[{\"value\":\"default\",\"expirationType\":0},{\"value\":\"businessOutfit\",\"expirationType\":0}],\"lastOutfit\":\"default\"},\"expirationType\":0},\"zuri\":{\"value\":{\"id\":\"zuri\",\"ownedOutfits\":[{\"value\":\"default\",\"expirationType\":0},{\"value\":\"cityOutfit\",\"expirationType\":0}],\"lastOutfit\":\"default\"},\"expirationType\":0},\"tasha\":{\"value\":{\"id\":\"tasha\",\"ownedOutfits\":[{\"value\":\"default\",\"expirationType\":0},{\"value\":\"cheeroutfit\",\"expirationType\":0},{\"value\":\"gymOutfit\",\"expirationType\":0}],\"lastOutfit\":\"default\"},\"expirationType\":0},\"zoe\":{\"value\":{\"id\":\"zoe\",\"ownedOutfits\":[{\"value\":\"default\",\"expirationType\":0},{\"value\":\"curlyOutfit\",\"expirationType\":0},{\"value\":\"bikerOutfit\",\"expirationType\":0}],\"lastOutfit\":\"default\"},\"expirationType\":0},\"zombiejake\":{\"value\":{\"id\":\"zombiejake\",\"ownedOutfits\":[{\"value\":\"default\",\"expirationType\":0},{\"value\":\"seriousOutfit\",\"expirationType\":0},{\"value\":\"rastaOutfit\",\"expirationType\":0},{\"value\":\"goldOutfit\",\"expirationType\":0}],\"lastOutfit\":\"seriousOutfit\"},\"expirationType\":0},\"tony\":{\"value\":{\"id\":\"tony\",\"ownedOutfits\":[{\"value\":\"default\",\"expirationType\":0},{\"value\":\"folkOutfit\",\"expirationType\":0},{\"value\":\"gameOutfit\",\"expirationType\":0}],\"lastOutfit\":\"default\"},\"expirationType\":0},\"wayne\":{\"value\":{\"id\":\"wayne\",\"ownedOutfits\":[{\"value\":\"default\",\"expirationType\":0},{\"value\":\"knightOutfit\",\"expirationType\":0},{\"value\":\"chiefOutfit\",\"expirationType\":0}],\"lastOutfit\":\"default\"},\"expirationType\":0},\"tagbot\":{\"value\":{\"id\":\"tagbot\",\"ownedOutfits\":[{\"value\":\"toyOutfit\",\"expirationType\":0},{\"value\":\"default\",\"expirationType\":0},{\"value\":\"spaceOutfit\",\"expirationType\":0}],\"lastOutfit\":\"default\"},\"expirationType\":0},\"sun\":{\"value\":{\"id\":\"sun\",\"ownedOutfits\":[{\"value\":\"default\",\"expirationType\":0},{\"value\":\"rogueOutfit\",\"expirationType\":0},{\"value\":\"spotOutfit\",\"expirationType\":0}],\"lastOutfit\":\"default\"},\"expirationType\":0},\"spike\":{\"value\":{\"id\":\"spike\",\"ownedOutfits\":[{\"value\":\"default\",\"expirationType\":0},{\"value\":\"rockOutfit\",\"expirationType\":0},{\"value\":\"punkOutfit\",\"expirationType\":0}],\"lastOutfit\":\"default\"},\"expirationType\":0},\"sofia\":{\"value\":{\"id\":\"sofia\",\"ownedOutfits\":[{\"value\":\"default\",\"expirationType\":0},{\"value\":\"gauchoOutfit\",\"expirationType\":0},{\"value\":\"tangoOutfit\",\"expirationType\":0}],\"lastOutfit\":\"default\"},\"expirationType\":0},\"scarlett\":{\"value\":{\"id\":\"scarlett\",\"ownedOutfits\":[{\"value\":\"default\",\"expirationType\":0},{\"value\":\"catrinaOutfit\",\"expirationType\":0}],\"lastOutfit\":\"catrinaOutfit\"},\"expirationType\":0},\"rin\":{\"value\":{\"id\":\"rin\",\"ownedOutfits\":[{\"value\":\"default\",\"expirationType\":0},{\"value\":\"lunarOutfit\",\"expirationType\":0}],\"lastOutfit\":\"default\"},\"expirationType\":0},\"roberto\":{\"value\":{\"id\":\"roberto\",\"ownedOutfits\":[{\"value\":\"default\",\"expirationType\":0},{\"value\":\"fanOutfit\",\"expirationType\":0},{\"value\":\"culesOutfit\",\"expirationType\":0}],\"lastOutfit\":\"default\"},\"expirationType\":0},\"rosa\":{\"value\":{\"id\":\"rosa\",\"ownedOutfits\":[{\"value\":\"default\",\"expirationType\":0},{\"value\":\"foxOutfit\",\"expirationType\":0}],\"lastOutfit\":\"default\"},\"expirationType\":0},\"salma\":{\"value\":{\"id\":\"salma\",\"ownedOutfits\":[{\"value\":\"default\",\"expirationType\":0},{\"value\":\"talismanOutfit\",\"expirationType\":0},{\"value\":\"nomadOutfit\",\"expirationType\":0}],\"lastOutfit\":\"default\"},\"expirationType\":0},\"qin\":{\"value\":{\"id\":\"qin\",\"ownedOutfits\":[{\"value\":\"default\",\"expirationType\":0},{\"value\":\"warriorOutfit\",\"expirationType\":0}],\"lastOutfit\":\"default\"},\"expirationType\":0},\"princeK\":{\"value\":{\"id\":\"princeK\",\"ownedOutfits\":[{\"value\":\"default\",\"expirationType\":0},{\"value\":\"shineOutfit\",\"expirationType\":0},{\"value\":\"jagOutfit\",\"expirationType\":0}],\"lastOutfit\":\"default\"},\"expirationType\":0},\"ramona\":{\"value\":{\"id\":\"ramona\",\"ownedOutfits\":[{\"value\":\"default\",\"expirationType\":0},{\"value\":\"elegantOutfit\",\"expirationType\":0},{\"value\":\"pinaOutfit\",\"expirationType\":0}],\"lastOutfit\":\"default\"},\"expirationType\":0},\"rabbot\":{\"value\":{\"id\":\"rabbot\",\"ownedOutfits\":[{\"value\":\"default\",\"expirationType\":0}],\"lastOutfit\":\"default\"},\"expirationType\":0},\"rex\":{\"value\":{\"id\":\"rex\",\"ownedOutfits\":[{\"value\":\"default\",\"expirationType\":0},{\"value\":\"winOutfit\",\"expirationType\":0},{\"value\":\"showOutfit\",\"expirationType\":0}],\"lastOutfit\":\"default\"},\"expirationType\":0},\"ninja\":{\"value\":{\"id\":\"ninja\",\"ownedOutfits\":[{\"value\":\"default\",\"expirationType\":0},{\"value\":\"flameOutfit\",\"expirationType\":0},{\"value\":\"yangOutfit\",\"expirationType\":0}],\"lastOutfit\":\"default\"},\"expirationType\":0},\"nina\":{\"value\":{\"id\":\"nina\",\"ownedOutfits\":[{\"value\":\"default\",\"expirationType\":0},{\"value\":\"cyberPunkOutfit\",\"expirationType\":0},{\"value\":\"whitenightOutfit\",\"expirationType\":0}],\"lastOutfit\":\"default\"},\"expirationType\":0},\"philip\":{\"value\":{\"id\":\"philip\",\"ownedOutfits\":[{\"value\":\"default\",\"expirationType\":0},{\"value\":\"captainOutfit\",\"expirationType\":0},{\"value\":\"racerOutfit\",\"expirationType\":0}],\"lastOutfit\":\"captainOutfit\"},\"expirationType\":0},\"olivia\":{\"value\":{\"id\":\"olivia\",\"ownedOutfits\":[{\"value\":\"default\",\"expirationType\":0},{\"value\":\"skateOutfit\",\"expirationType\":0},{\"value\":\"derbyMacabreOutfit\",\"expirationType\":0}],\"lastOutfit\":\"default\"},\"expirationType\":0},\"noon\":{\"value\":{\"id\":\"noon\",\"ownedOutfits\":[{\"value\":\"default\",\"expirationType\":0},{\"value\":\"siamOutfit\",\"expirationType\":0},{\"value\":\"pinkOutfit\",\"expirationType\":0}],\"lastOutfit\":\"default\"},\"expirationType\":0},\"nikos\":{\"value\":{\"id\":\"nikos\",\"ownedOutfits\":[{\"value\":\"default\",\"expirationType\":0},{\"value\":\"heroOutfit\",\"expirationType\":0}],\"lastOutfit\":\"default\"},\"expirationType\":0},\"nicolai\":{\"value\":{\"id\":\"nicolai\",\"ownedOutfits\":[{\"value\":\"default\",\"expirationType\":0},{\"value\":\"frostOutfit\",\"expirationType\":0},{\"value\":\"fauxFurOutfit\",\"expirationType\":0}],\"lastOutfit\":\"default\"},\"expirationType\":0},\"nick\":{\"value\":{\"id\":\"nick\",\"ownedOutfits\":[{\"value\":\"default\",\"expirationType\":0},{\"value\":\"neonOutfit\",\"expirationType\":0},{\"value\":\"speedOutfit\",\"expirationType\":0}],\"lastOutfit\":\"default\"},\"expirationType\":0},\"mike\":{\"value\":{\"id\":\"mike\",\"ownedOutfits\":[{\"value\":\"jagerOutfit\",\"expirationType\":0},{\"value\":\"howlOutfit\",\"expirationType\":0},{\"value\":\"default\",\"expirationType\":0}],\"lastOutfit\":\"default\"},\"expirationType\":0},\"mei\":{\"value\":{\"id\":\"mei\",\"ownedOutfits\":[{\"value\":\"default\",\"expirationType\":0},{\"value\":\"bumiOutfit\",\"expirationType\":0},{\"value\":\"islanderOutfit\",\"expirationType\":0}],\"lastOutfit\":\"default\"},\"expirationType\":0},\"ming\":{\"value\":{\"id\":\"ming\",\"ownedOutfits\":[{\"value\":\"default\",\"expirationType\":0},{\"value\":\"whitesnakeOutfit\",\"expirationType\":0}],\"lastOutfit\":\"default\"},\"expirationType\":0},\"mina\":{\"value\":{\"id\":\"mina\",\"ownedOutfits\":[{\"value\":\"default\",\"expirationType\":0},{\"value\":\"popOutfit\",\"expirationType\":0},{\"value\":\"roboOutfit\",\"expirationType\":0}],\"lastOutfit\":\"default\"},\"expirationType\":0},\"maeko\":{\"value\":{\"id\":\"maeko\",\"ownedOutfits\":[{\"value\":\"default\",\"expirationType\":0},{\"value\":\"hostessOutfit\",\"expirationType\":0}],\"lastOutfit\":\"default\"},\"expirationType\":0},\"lucy\":{\"value\":{\"id\":\"lucy\",\"ownedOutfits\":[{\"value\":\"default\",\"expirationType\":0},{\"value\":\"gothOutfit\",\"expirationType\":0},{\"value\":\"steamOutfit\",\"expirationType\":0}],\"lastOutfit\":\"default\"},\"expirationType\":0},\"malik\":{\"value\":{\"id\":\"malik\",\"ownedOutfits\":[{\"value\":\"default\",\"expirationType\":0},{\"value\":\"tuskOutfit\",\"expirationType\":0},{\"value\":\"penguinOutfit\",\"expirationType\":0}],\"lastOutfit\":\"default\"},\"expirationType\":0},\"manny\":{\"value\":{\"id\":\"manny\",\"ownedOutfits\":[{\"value\":\"default\",\"expirationType\":0},{\"value\":\"luchadorOutfit\",\"expirationType\":0},{\"value\":\"mariachiOutfit\",\"expirationType\":0}],\"lastOutfit\":\"mariachiOutfit\"},\"expirationType\":0},\"marco\":{\"value\":{\"id\":\"marco\",\"ownedOutfits\":[{\"value\":\"default\",\"expirationType\":0},{\"value\":\"nobleOutfit\",\"expirationType\":0},{\"value\":\"maskOutfit\",\"expirationType\":0}],\"lastOutfit\":\"default\"},\"expirationType\":0},\"kim\":{\"value\":{\"id\":\"kim\",\"ownedOutfits\":[{\"value\":\"default\",\"expirationType\":0},{\"value\":\"diveOutfit\",\"expirationType\":0},{\"value\":\"coastOutfit\",\"expirationType\":0}],\"lastOutfit\":\"default\"},\"expirationType\":0},\"liu\":{\"value\":{\"id\":\"liu\",\"ownedOutfits\":[{\"value\":\"default\",\"expirationType\":0},{\"value\":\"birdwatcherOutfit\",\"expirationType\":0}],\"lastOutfit\":\"default\"},\"expirationType\":0},\"lee\":{\"value\":{\"id\":\"lee\",\"ownedOutfits\":[{\"value\":\"default\",\"expirationType\":0},{\"value\":\"silkOutfit\",\"expirationType\":0}],\"lastOutfit\":\"default\"},\"expirationType\":0},\"lauren\":{\"value\":{\"id\":\"lauren\",\"ownedOutfits\":[{\"value\":\"default\",\"expirationType\":0},{\"value\":\"pilotOutfit\",\"expirationType\":0},{\"value\":\"tallyOutfit\",\"expirationType\":0}],\"lastOutfit\":\"default\"},\"expirationType\":0},\"king\":{\"value\":{\"id\":\"king\",\"ownedOutfits\":[{\"value\":\"default\",\"expirationType\":0},{\"value\":\"royalOutfit\",\"expirationType\":0},{\"value\":\"countOutfit\",\"expirationType\":0}],\"lastOutfit\":\"default\"},\"expirationType\":0},\"dylan\":{\"value\":{\"id\":\"dylan\",\"ownedOutfits\":[{\"value\":\"default\",\"expirationType\":0},{\"value\":\"lifeguardOutfit\",\"expirationType\":0},{\"value\":\"walkmanOutfit\",\"expirationType\":0}],\"lastOutfit\":\"walkmanOutfit\"},\"expirationType\":0},\"eddy\":{\"value\":{\"id\":\"eddy\",\"ownedOutfits\":[{\"value\":\"default\",\"expirationType\":0},{\"value\":\"vampireOutfit\",\"expirationType\":0},{\"value\":\"trickOutfit\",\"expirationType\":0}],\"lastOutfit\":\"default\"},\"expirationType\":0},\"kareem\":{\"value\":{\"id\":\"kareem\",\"ownedOutfits\":[{\"value\":\"default\",\"expirationType\":0},{\"value\":\"SilkOutfit\",\"expirationType\":0}],\"lastOutfit\":\"default\"},\"expirationType\":0},\"jay\":{\"value\":{\"id\":\"jay\",\"ownedOutfits\":[{\"value\":\"default\",\"expirationType\":0},{\"value\":\"colorMasterOutfit\",\"expirationType\":0},{\"value\":\"blueOutfit\",\"expirationType\":0}],\"lastOutfit\":\"default\"},\"expirationType\":0},\"jia\":{\"value\":{\"id\":\"jia\",\"ownedOutfits\":[{\"value\":\"default\",\"expirationType\":0},{\"value\":\"wildOutfit\",\"expirationType\":0},{\"value\":\"unicornOutfit\",\"expirationType\":0}],\"lastOutfit\":\"default\"},\"expirationType\":0},\"jolien\":{\"value\":{\"id\":\"jolien\",\"ownedOutfits\":[{\"value\":\"default\",\"expirationType\":0},{\"value\":\"floristOutfit\",\"expirationType\":0},{\"value\":\"springOutfit\",\"expirationType\":0}],\"lastOutfit\":\"springOutfit\"},\"expirationType\":0},\"jenny\":{\"value\":{\"id\":\"jenny\",\"ownedOutfits\":[{\"value\":\"default\",\"expirationType\":0},{\"value\":\"partyOutfit\",\"expirationType\":0},{\"value\":\"pixelOutfit\",\"expirationType\":0}],\"lastOutfit\":\"default\"},\"expirationType\":0},\"jamie\":{\"value\":{\"id\":\"jamie\",\"ownedOutfits\":[{\"value\":\"default\",\"expirationType\":0},{\"value\":\"tophatOutfit\",\"expirationType\":0},{\"value\":\"hatterOutfit\",\"expirationType\":0}],\"lastOutfit\":\"hatterOutfit\"},\"expirationType\":0},\"jaro\":{\"value\":{\"id\":\"jaro\",\"ownedOutfits\":[{\"value\":\"default\",\"expirationType\":0},{\"value\":\"jokerOutfit\",\"expirationType\":0}],\"lastOutfit\":\"default\"},\"expirationType\":0},\"harumi\":{\"value\":{\"id\":\"harumi\",\"ownedOutfits\":[{\"value\":\"furyOutfit\",\"expirationType\":0},{\"value\":\"default\",\"expirationType\":0},{\"value\":\"meowOutfit\",\"expirationType\":0}],\"lastOutfit\":\"default\"},\"expirationType\":0},\"hugo\":{\"value\":{\"id\":\"hugo\",\"ownedOutfits\":[{\"value\":\"default\",\"expirationType\":0},{\"value\":\"mountainOutfit\",\"expirationType\":0},{\"value\":\"piratOutfit\",\"expirationType\":0}],\"lastOutfit\":\"default\"},\"expirationType\":0},\"jasmine\":{\"value\":{\"id\":\"jasmine\",\"ownedOutfits\":[{\"value\":\"default\",\"expirationType\":0},{\"value\":\"safariOutfit\",\"expirationType\":0},{\"value\":\"ankhOutfit\",\"expirationType\":0}],\"lastOutfit\":\"default\"},\"expirationType\":0},\"izzy\":{\"value\":{\"id\":\"izzy\",\"ownedOutfits\":[{\"value\":\"default\",\"expirationType\":0},{\"value\":\"alohaOutfit\",\"expirationType\":0},{\"value\":\"lakiOutfit\",\"expirationType\":0}],\"lastOutfit\":\"default\"},\"expirationType\":0},\"frank\":{\"value\":{\"id\":\"frank\",\"ownedOutfits\":[{\"value\":\"default\",\"expirationType\":0},{\"value\":\"clownOutfit\",\"expirationType\":0},{\"value\":\"tigerOutfit\",\"expirationType\":0}],\"lastOutfit\":\"default\"},\"expirationType\":0},\"freya\":{\"value\":{\"id\":\"freya\",\"ownedOutfits\":[{\"value\":\"default\",\"expirationType\":0},{\"value\":\"vikingOutfit\",\"expirationType\":0},{\"value\":\"winterMagicOutfit\",\"expirationType\":0}],\"lastOutfit\":\"default\"},\"expirationType\":0},\"diego\":{\"value\":{\"id\":\"diego\",\"ownedOutfits\":[{\"value\":\"default\",\"expirationType\":0},{\"value\":\"chivalryoutfit\",\"expirationType\":0},{\"value\":\"flamencoOutfit\",\"expirationType\":0}],\"lastOutfit\":\"default\"},\"expirationType\":0},\"dummy\":{\"value\":{\"id\":\"dummy\",\"ownedOutfits\":[{\"value\":\"default\",\"expirationType\":0},{\"value\":\"goldOutfit\",\"expirationType\":0},{\"value\":\"rastaOutfit\",\"expirationType\":0}],\"lastOutfit\":\"default\"},\"expirationType\":0},\"elfTricky\":{\"value\":{\"id\":\"elfTricky\",\"ownedOutfits\":[{\"value\":\"default\",\"expirationType\":0},{\"value\":\"candyOutfit\",\"expirationType\":0},{\"value\":\"iceOutfit\",\"expirationType\":0}],\"lastOutfit\":\"iceOutfit\"},\"expirationType\":0},\"edison\":{\"value\":{\"id\":\"edison\",\"ownedOutfits\":[{\"value\":\"default\",\"expirationType\":0},{\"value\":\"urbanOutfit\",\"expirationType\":0}],\"lastOutfit\":\"default\"},\"expirationType\":0},\"festiveFresh\":{\"value\":{\"id\":\"festiveFresh\",\"ownedOutfits\":[{\"value\":\"default\",\"expirationType\":0},{\"value\":\"hoodieOutfit\",\"expirationType\":0}],\"lastOutfit\":\"default\"},\"expirationType\":0},\"ez\":{\"value\":{\"id\":\"ez\",\"ownedOutfits\":[{\"value\":\"default\",\"expirationType\":0},{\"value\":\"JiveOutfit\",\"expirationType\":0},{\"value\":\"touchdownOutfit\",\"expirationType\":0}],\"lastOutfit\":\"default\"},\"expirationType\":0},\"coco\":{\"value\":{\"id\":\"coco\",\"ownedOutfits\":[{\"value\":\"jesterOutfit\",\"expirationType\":0},{\"value\":\"default\",\"expirationType\":0},{\"value\":\"artOutfit\",\"expirationType\":0}],\"lastOutfit\":\"default\"},\"expirationType\":0},\"carlos\":{\"value\":{\"id\":\"carlos\",\"ownedOutfits\":[{\"value\":\"default\",\"expirationType\":0},{\"value\":\"ponchoOutfit\",\"expirationType\":0},{\"value\":\"incaOutfit\",\"expirationType\":0}],\"lastOutfit\":\"default\"},\"expirationType\":0},\"brody\":{\"value\":{\"id\":\"brody\",\"ownedOutfits\":[{\"value\":\"default\",\"expirationType\":0},{\"value\":\"chillOutfit\",\"expirationType\":0},{\"value\":\"poshOutfit\",\"expirationType\":0}],\"lastOutfit\":\"default\"},\"expirationType\":0},\"buddy\":{\"value\":{\"id\":\"buddy\",\"ownedOutfits\":[{\"value\":\"default\",\"expirationType\":0},{\"value\":\"candyOutfit\",\"expirationType\":0},{\"value\":\"sunnyOutfit\",\"expirationType\":0}],\"lastOutfit\":\"default\"},\"expirationType\":0},\"callum\":{\"value\":{\"id\":\"callum\",\"ownedOutfits\":[{\"value\":\"default\",\"expirationType\":0},{\"value\":\"changelingOutfit\",\"expirationType\":0}],\"lastOutfit\":\"default\"},\"expirationType\":0},\"carmen\":{\"value\":{\"id\":\"carmen\",\"ownedOutfits\":[{\"value\":\"default\",\"expirationType\":0},{\"value\":\"teamOutfit\",\"expirationType\":0},{\"value\":\"shakeOutfit\",\"expirationType\":0}],\"lastOutfit\":\"default\"},\"expirationType\":0},\"brandon\":{\"value\":{\"id\":\"brandon\",\"ownedOutfits\":[{\"value\":\"default\",\"expirationType\":0},{\"value\":\"kungFuOutfit\",\"expirationType\":0}],\"lastOutfit\":\"default\"},\"expirationType\":0},\"bjarki\":{\"value\":{\"id\":\"bjarki\",\"ownedOutfits\":[{\"value\":\"default\",\"expirationType\":0},{\"value\":\"fisherOutfit\",\"expirationType\":0},{\"value\":\"powerOutfit\",\"expirationType\":0}],\"lastOutfit\":\"default\"},\"expirationType\":0},\"amy\":{\"value\":{\"id\":\"amy\",\"ownedOutfits\":[{\"value\":\"default\",\"expirationType\":0},{\"value\":\"regularOutfit\",\"expirationType\":0}],\"lastOutfit\":\"regularOutfit\"},\"expirationType\":0},\"amira\":{\"value\":{\"id\":\"amira\",\"ownedOutfits\":[{\"value\":\"default\",\"expirationType\":0},{\"value\":\"jewelOutfit\",\"expirationType\":0},{\"value\":\"genieOutfit\",\"expirationType\":0}],\"lastOutfit\":\"default\"},\"expirationType\":0},\"alicia\":{\"value\":{\"id\":\"alicia\",\"ownedOutfits\":[{\"value\":\"default\",\"expirationType\":0},{\"value\":\"tracksuitOutfit\",\"expirationType\":0},{\"value\":\"fallOutfit\",\"expirationType\":0}],\"lastOutfit\":\"fallOutfit\"},\"expirationType\":0},\"ace\":{\"value\":{\"id\":\"ace\",\"ownedOutfits\":[{\"value\":\"default\",\"expirationType\":0},{\"value\":\"pilotOutfit\",\"expirationType\":0}],\"lastOutfit\":\"default\"},\"expirationType\":0},\"aina\":{\"value\":{\"id\":\"aina\",\"ownedOutfits\":[{\"value\":\"default\",\"expirationType\":0},{\"value\":\"daisyOutfit\",\"expirationType\":0},{\"value\":\"blueOutfit\",\"expirationType\":0}],\"lastOutfit\":\"default\"},\"expirationType\":0},\"alex\":{\"value\":{\"id\":\"alex\",\"ownedOutfits\":[{\"value\":\"default\",\"expirationType\":0},{\"value\":\"technoOutfit\",\"expirationType\":0}],\"lastOutfit\":\"technoOutfit\"},\"expirationType\":0},\"alba\":{\"value\":{\"id\":\"alba\",\"ownedOutfits\":[{\"value\":\"default\",\"expirationType\":0},{\"value\":\"cowgirlOutfit\",\"expirationType\":0},{\"value\":\"spaceOutfit\",\"expirationType\":0}],\"lastOutfit\":\"default\"},\"expirationType\":0},\"nflpaDakPrescott\":{\"value\":{\"id\":\"nflpaDakPrescott\",\"ownedOutfits\":[{\"value\":\"default\",\"expirationType\":0}],\"lastOutfit\":\"default\"},\"expirationType\":0},\"nflpaLamarJackson\":{\"value\":{\"id\":\"nflpaLamarJackson\",\"ownedOutfits\":[{\"value\":\"default\",\"expirationType\":0}],\"lastOutfit\":\"default\"},\"expirationType\":0},\"nflpaTomBrady\":{\"value\":{\"id\":\"nflpaTomBrady\",\"ownedOutfits\":[{\"value\":\"default\",\"expirationType\":0}],\"lastOutfit\":\"default\"},\"expirationType\":0},\"nflpaOdellBeckhamJr\":{\"value\":{\"id\":\"nflpaOdellBeckhamJr\",\"ownedOutfits\":[{\"value\":\"default\",\"expirationType\":0}],\"lastOutfit\":\"default\"},\"expirationType\":0},\"nflpaPatrickMahomes\":{\"value\":{\"id\":\"nflpaPatrickMahomes\",\"ownedOutfits\":[{\"value\":\"default\",\"expirationType\":0}],\"lastOutfit\":\"default\"},\"expirationType\":0},\"nflpaSaquonBarkley\":{\"value\":{\"id\":\"nflpaSaquonBarkley\",\"ownedOutfits\":[{\"value\":\"default\",\"expirationType\":0}],\"lastOutfit\":\"default\"},\"expirationType\":0},\"tankbot\":{\"value\":{\"id\":\"tankbot\",\"ownedOutfits\":[{\"value\":\"default\",\"expirationType\":0},{\"value\":\"incaOutfit\",\"expirationType\":0}],\"lastOutfit\":\"default\"},\"expirationType\":0},\"cathy\":{\"value\":{\"id\":\"cathy\",\"ownedOutfits\":[{\"value\":\"default\",\"expirationType\":0}],\"lastOutfit\":\"default\"},\"expirationType\":0},\"noel\":{\"value\":{\"id\":\"noel\",\"ownedOutfits\":[{\"value\":\"default\",\"expirationType\":0}],\"lastOutfit\":\"default\"},\"expirationType\":0},\"morgan\":{\"value\":{\"id\":\"morgan\",\"ownedOutfits\":[{\"value\":\"default\",\"expirationType\":0}],\"lastOutfit\":\"default\"},\"expirationType\":0},\"mala\":{\"value\":{\"id\":\"mala\",\"ownedOutfits\":[{\"value\":\"default\",\"expirationType\":0},{\"value\":\"lunarOutfit\",\"expirationType\":0}],\"lastOutfit\":\"default\"},\"expirationType\":0},\"andy\":{\"value\":{\"id\":\"andy\",\"ownedOutfits\":[{\"value\":\"default\",\"expirationType\":0},{\"value\":\"gamerOutfit\",\"expirationType\":0}],\"lastOutfit\":\"gamerOutfit\"},\"expirationType\":0},\"festiveJake\":{\"value\":{\"id\":\"festiveJake\",\"ownedOutfits\":[{\"value\":\"default\",\"expirationType\":0}],\"lastOutfit\":\"default\"},\"expirationType\":0},\"festiveTricky\":{\"value\":{\"id\":\"festiveTricky\",\"ownedOutfits\":[{\"value\":\"default\",\"expirationType\":0}],\"lastOutfit\":\"default\"},\"expirationType\":0},\"festiveSpike\":{\"value\":{\"id\":\"festiveSpike\",\"ownedOutfits\":[{\"value\":\"default\",\"expirationType\":0}],\"lastOutfit\":\"default\"},\"expirationType\":0},\"festiveYutani\":{\"value\":{\"id\":\"festiveYutani\",\"ownedOutfits\":[{\"value\":\"default\",\"expirationType\":0}],\"lastOutfit\":\"default\"},\"expirationType\":0},\"festiveFrank\":{\"value\":{\"id\":\"festiveFrank\",\"ownedOutfits\":[{\"value\":\"default\",\"expirationType\":0},{\"value\":\"anubisOutfit\",\"expirationType\":0}],\"lastOutfit\":\"default\"},\"expirationType\":0},\"hou\":{\"value\":{\"id\":\"hou\",\"ownedOutfits\":[{\"value\":\"default\",\"expirationType\":0},{\"value\":\"archerOutfit\",\"expirationType\":0}],\"lastOutfit\":\"default\"},\"expirationType\":0},\"frankette\":{\"value\":{\"id\":\"frankette\",\"ownedOutfits\":[{\"value\":\"default\",\"expirationType\":0}],\"lastOutfit\":\"default\"},\"expirationType\":0},\"spacebot\":{\"value\":{\"id\":\"spacebot\",\"ownedOutfits\":[{\"value\":\"default\",\"expirationType\":0}],\"lastOutfit\":\"default\"},\"expirationType\":0},\"rat\":{\"value\":{\"id\":\"rat\",\"ownedOutfits\":[{\"value\":\"default\",\"expirationType\":0}],\"lastOutfit\":\"default\"},\"expirationType\":0},\"ox\":{\"value\":{\"id\":\"ox\",\"ownedOutfits\":[{\"value\":\"default\",\"expirationType\":0}],\"lastOutfit\":\"default\"},\"expirationType\":0},\"zayn\":{\"value\":{\"id\":\"zayn\",\"ownedOutfits\":[{\"value\":\"default\",\"expirationType\":0},{\"value\":\"stealthOutfit\",\"expirationType\":0}],\"lastOutfit\":\"default\"},\"expirationType\":0},\"lana\":{\"value\":{\"id\":\"lana\",\"ownedOutfits\":[{\"value\":\"default\",\"expirationType\":0},{\"value\":\"nordicOutfit\",\"expirationType\":0}],\"lastOutfit\":\"default\"},\"expirationType\":0},\"missMaia\":{\"value\":{\"id\":\"missMaia\",\"ownedOutfits\":[{\"value\":\"default\",\"expirationType\":0}],\"lastOutfit\":\"default\"},\"expirationType\":0},\"bonnie\":{\"value\":{\"id\":\"bonnie\",\"ownedOutfits\":[{\"value\":\"default\",\"expirationType\":0},{\"value\":\"harajukuOutfit\",\"expirationType\":0}],\"lastOutfit\":\"default\"},\"expirationType\":0},\"buzz\":{\"value\":{\"id\":\"buzz\",\"ownedOutfits\":[{\"value\":\"default\",\"expirationType\":0}],\"lastOutfit\":\"default\"},\"expirationType\":0},\"trym\":{\"value\":{\"id\":\"trym\",\"ownedOutfits\":[{\"value\":\"default\",\"expirationType\":0}],\"lastOutfit\":\"default\"},\"expirationType\":0},\"cleo\":{\"value\":{\"id\":\"cleo\",\"ownedOutfits\":[{\"value\":\"default\",\"expirationType\":0}],\"lastOutfit\":\"default\"},\"expirationType\":0},\"akira\":{\"value\":{\"id\":\"akira\",\"ownedOutfits\":[{\"value\":\"default\",\"expirationType\":0}],\"lastOutfit\":\"default\"},\"expirationType\":0},\"alexandre\":{\"value\":{\"id\":\"alexandre\",\"ownedOutfits\":[{\"value\":\"default\",\"expirationType\":0}],\"lastOutfit\":\"default\"},\"expirationType\":0},\"parkourRin\":{\"value\":{\"id\":\"parkourRin\",\"ownedOutfits\":[{\"value\":\"default\",\"expirationType\":0}],\"lastOutfit\":\"default\"},\"expirationType\":0},\"prideFrank\":{\"value\":{\"id\":\"prideFrank\",\"ownedOutfits\":[{\"value\":\"default\",\"expirationType\":0}],\"lastOutfit\":\"default\"},\"expirationType\":0},\"prideYutani\":{\"value\":{\"id\":\"prideYutani\",\"ownedOutfits\":[{\"value\":\"default\",\"expirationType\":0}],\"lastOutfit\":\"default\"},\"expirationType\":0},\"prideTricky\":{\"value\":{\"id\":\"prideTricky\",\"ownedOutfits\":[{\"value\":\"default\",\"expirationType\":0}],\"lastOutfit\":\"default\"},\"expirationType\":0},\"prideBot\":{\"value\":{\"id\":\"prideBot\",\"ownedOutfits\":[{\"value\":\"default\",\"expirationType\":0}],\"lastOutfit\":\"default\"},\"expirationType\":0},\"prideSpike\":{\"value\":{\"id\":\"prideSpike\",\"ownedOutfits\":[{\"value\":\"default\",\"expirationType\":0}],\"lastOutfit\":\"default\"},\"expirationType\":0},\"prideJake\":{\"value\":{\"id\":\"prideJake\",\"ownedOutfits\":[{\"value\":\"default\",\"expirationType\":0}],\"lastOutfit\":\"default\"},\"expirationType\":0},\"prideFresh\":{\"value\":{\"id\":\"prideFresh\",\"ownedOutfits\":[{\"value\":\"default\",\"expirationType\":0}],\"lastOutfit\":\"default\"},\"expirationType\":0},\"taha\":{\"value\":{\"id\":\"taha\",\"ownedOutfits\":[{\"value\":\"default\",\"expirationType\":0}],\"lastOutfit\":\"default\"},\"expirationType\":0},\"bobTheBlob\":{\"value\":{\"id\":\"bobTheBlob\",\"ownedOutfits\":[{\"value\":\"default\",\"expirationType\":0}],\"lastOutfit\":\"default\"},\"expirationType\":0},\"phoenix\":{\"value\":{\"id\":\"phoenix\",\"ownedOutfits\":[{\"value\":\"default\",\"expirationType\":0}],\"lastOutfit\":\"default\"},\"expirationType\":0},\"ella\":{\"value\":{\"id\":\"ella\",\"ownedOutfits\":[{\"value\":\"default\",\"expirationType\":0},{\"value\":\"rastaOutfit\",\"expirationType\":0},{\"value\":\"goldOutfit\",\"expirationType\":0}],\"lastOutfit\":\"goldOutfit\"},\"expirationType\":0},\"clementine\":{\"value\":{\"id\":\"clementine\",\"ownedOutfits\":[{\"value\":\"default\",\"expirationType\":0}],\"lastOutfit\":\"default\"},\"expirationType\":0},\"tiger\":{\"value\":{\"id\":\"tiger\",\"ownedOutfits\":[{\"value\":\"default\",\"expirationType\":0}],\"lastOutfit\":\"default\"},\"expirationType\":0},\"charlie\":{\"value\":{\"id\":\"charlie\",\"ownedOutfits\":[{\"value\":\"default\",\"expirationType\":0}],\"lastOutfit\":\"default\"},\"expirationType\":0},\"pink\":{\"value\":{\"id\":\"pink\",\"ownedOutfits\":[{\"value\":\"default\",\"expirationType\":0}],\"lastOutfit\":\"default\"},\"expirationType\":0},\"elftricky\":{\"value\":{\"id\":\"elftricky\",\"ownedOutfits\":[{\"value\":\"default\",\"expirationType\":0},{\"value\":\"rastaOutfit\",\"expirationType\":0},{\"value\":\"goldOutfit\",\"expirationType\":0}],\"lastOutfit\":\"goldOutfit\"},\"expirationType\":0},\"Superrunnerjake\":{\"value\":{\"id\":\"Superrunnerjake\",\"ownedOutfits\":[{\"value\":\"default\",\"expirationType\":0},{\"value\":\"rastaOutfit\",\"expirationType\":0},{\"value\":\"goldOutfit\",\"expirationType\":0}],\"lastOutfit\":\"goldOutfit\"},\"expirationType\":0},\"superRunnerJake\":{\"value\":{\"id\":\"superRunnerJake\",\"ownedOutfits\":[{\"value\":\"default\",\"expirationType\":0}],\"lastOutfit\":\"default\"},\"expirationType\":0},\"koral\":{\"value\":{\"id\":\"koral\",\"ownedOutfits\":[{\"value\":\"default\",\"expirationType\":0}],\"lastOutfit\":\"default\"},\"expirationType\":0}}}"}