{"version":1,"data":"{\"lastSaved\":\"2022-05-18T07:21:44.04509Z\",\"patchVersion\":0,\"resolvedPromotions\":{\"uc_flashDeals_slot_01\":{\"offerTime\":\"2022-05-18T07:21:42.37681Z\",\"timeSlotId\":\"uc_flash_deals_consumables\",\"productsOffered\":{\"dynamic_eventcoin_pack\":{\"id\":\"dynamic_eventcoin_pack\",\"purchaseCount\":0,\"productContent\":{\"itemAmount\":200,\"price\":{\"adPlacement\":\"flashDealsDefault\"}}}}},\"uc_flashDeals_slot_02\":{\"offerTime\":\"2022-05-18T07:21:42.37681Z\",\"timeSlotId\":\"uc_flash_deals_consumables\",\"productsOffered\":{\"dynamic_headstart_pack\":{\"id\":\"dynamic_headstart_pack\",\"purchaseCount\":0,\"productContent\":{\"itemAmount\":3,\"price\":{\"currencyType\":\"Coins\",\"value\":4500,\"adPlacement\":null}}}}},\"uc_flashDeals_slot_03\":{\"offerTime\":\"2022-05-18T07:21:42.37681Z\",\"timeSlotId\":\"uc_flash_deals_consumables\",\"productsOffered\":{\"dynamic_season_hunt_token_pack\":{\"id\":\"dynamic_season_hunt_token_pack\",\"purchaseCount\":0,\"productContent\":{\"itemAmount\":5,\"price\":{\"currencyType\":\"Keys\",\"value\":10,\"adPlacement\":null}}}}},\"uc_flashDeals_slot_04\":{\"offerTime\":\"2022-05-18T07:21:42.37681Z\",\"timeSlotId\":\"uc_flash_deals_items\",\"productsOffered\":{\"nina\":{\"id\":\"nina\",\"purchaseCount\":0,\"productContent\":null}}},\"uc_flashDeals_slot_05\":{\"offerTime\":\"2022-05-18T07:21:42.37681Z\",\"timeSlotId\":\"uc_flash_deals_items\",\"productsOffered\":{\"bengal_default\":{\"id\":\"bengal_default\",\"purchaseCount\":0,\"productContent\":null}}},\"uc_flashDeals_slot_06\":{\"offerTime\":\"2022-05-18T07:21:42.37681Z\",\"timeSlotId\":\"uc_flash_deals_items\",\"productsOffered\":{\"mina\":{\"id\":\"mina\",\"purchaseCount\":0,\"productContent\":null}}},\"multiplier_pack_bundle\":{\"offerTime\":\"2022-11-22T21:13:03.642498Z\",\"timeSlotId\":\"multiplierPack\",\"productsOffered\":{\"multiplier_pack\":{\"id\":\"multiplier_pack\",\"purchaseCount\":0,\"productContent\":null}}},\"user_catered_bundle\":{\"offerTime\":\"2022-01-31T12:09:26.272598Z\",\"timeSlotId\":\"userCateredBundle\",\"productsOffered\":{\"ucb_bjarki\":{\"id\":\"ucb_bjarki\",\"purchaseCount\":0,\"productContent\":null}}},\"backup_bundles\":{\"offerTime\":\"2022-05-18T06:30:17.806506Z\",\"timeSlotId\":\"backup_bundles\",\"productsOffered\":{\"floral_pack\":{\"id\":\"floral_pack\",\"purchaseCount\":1,\"productContent\":null}}},\"promo_two_bundles_coins_10_5\":{\"offerTime\":\"2022-05-27T20:31:02.16925Z\",\"timeSlotId\":\"season_0050_slot_04\",\"productsOffered\":{\"tier10_coin_bundle\":{\"id\":\"tier10_coin_bundle\",\"purchaseCount\":0,\"productContent\":null},\"tier5_coin_bundle\":{\"id\":\"tier5_coin_bundle\",\"purchaseCount\":0,\"productContent\":null}}},\"promo_two_bundles_keys_20_10\":{\"offerTime\":\"2022-06-04T15:26:08.592547Z\",\"timeSlotId\":\"season_0050_slot_06\",\"productsOffered\":{\"tier20_key_bundle\":{\"id\":\"tier20_key_bundle\",\"purchaseCount\":0,\"productContent\":null},\"tier10_key_bundle\":{\"id\":\"tier10_key_bundle\",\"purchaseCount\":0,\"productContent\":null}}}},\"socialMediaLinksClicked\":[\"free_social_media_facebook\",\"free_social_media_twitter\",\"free_social_media_discord\",\"free_social_media_tiktok\",\"free_social_media_instagram\",\"free_social_media_youtube\"],\"lastCollectedFreeLootboxTime\":\"2022-12-25T11:23:28.946267Z\",\"adLootBoxesClaimedCount\":0,\"lastWeekFacebookGiftWasCollected\":123,\"freeTokenBoxClaimed\":true}"}