{"version":1,"data":"{\"lastSaved\":\"2022-05-18T07:21:42.522073Z\",\"patchVersion\":0,\"challengeStates\":{\"copenhagenviking_tagteam_challenge\":{\"challengeId\":\"copenhagenviking_tagteam_challenge\",\"currentSetEntryID\":\"v1_long_crew\",\"default\":false,\"startDate\":\"2022-05-16T00:00:00Z\",\"endDate\":\"2022-05-20T00:00:00Z\",\"sunsetPeriodInSeconds\":259200,\"multiplierOnStart\":30,\"eliteChallenge\":null,\"rewardStates\":[{\"State\":0,\"RequiredScore\":100000,\"Rewards\":[{\"reward\":{\"type\":\"Currency\",\"id\":\"Hoverboards\",\"value\":3}},{\"reward\":{\"type\":\"Currency\",\"id\":\"EventCoins\",\"value\":300},\"fallbackReward\":{\"type\":\"Currency\",\"id\":\"Coins\",\"value\":100}}],\"isUnique\":false},{\"State\":0,\"RequiredScore\":100000,\"AdRequired\":true,\"Rewards\":[{\"reward\":{\"type\":\"Currency\",\"id\":\"ScoreBoosters\",\"value\":1}},{\"reward\":{\"type\":\"Currency\",\"id\":\"EventCoins\",\"value\":700},\"fallbackReward\":{\"type\":\"Currency\",\"id\":\"Coins\",\"value\":100}}],\"isUnique\":false},{\"State\":0,\"RequiredScore\":200000,\"Rewards\":[{\"reward\":{\"type\":\"Currency\",\"id\":\"HeadStarts\",\"value\":1}},{\"reward\":{\"type\":\"Currency\",\"id\":\"EventCoins\",\"value\":350},\"fallbackReward\":{\"type\":\"Currency\",\"id\":\"Coins\",\"value\":150}}],\"isUnique\":false},{\"State\":0,\"RequiredScore\":350000,\"Rewards\":[{\"reward\":{\"type\":\"Currency\",\"id\":\"Coins\",\"value\":1000}},{\"reward\":{\"type\":\"Currency\",\"id\":\"EventCoins\",\"value\":400},\"fallbackReward\":{\"type\":\"Currency\",\"id\":\"Coins\",\"value\":200}}],\"isUnique\":false},{\"State\":0,\"RequiredScore\":550000,\"Rewards\":[{\"reward\":{\"type\":\"Currency\",\"id\":\"Hoverboards\",\"value\":5}},{\"reward\":{\"type\":\"Currency\",\"id\":\"EventCoins\",\"value\":500},\"fallbackReward\":{\"type\":\"Currency\",\"id\":\"Coins\",\"value\":250}}],\"isUnique\":false},{\"State\":0,\"RequiredScore\":850000,\"Rewards\":[{\"reward\":{\"type\":\"Currency\",\"id\":\"ScoreBoosters\",\"value\":2}},{\"reward\":{\"type\":\"Currency\",\"id\":\"EventCoins\",\"value\":600},\"fallbackReward\":{\"type\":\"Currency\",\"id\":\"Coins\",\"value\":300}}],\"isUnique\":false},{\"State\":0,\"RequiredScore\":1200000,\"Rewards\":[{\"reward\":{\"type\":\"SeasonHuntToken\",\"id\":null,\"value\":5},\"fallbackReward\":{\"type\":\"Currency\",\"id\":\"Coins\",\"value\":300}},{\"reward\":{\"type\":\"Currency\",\"id\":\"EventCoins\",\"value\":750},\"fallbackReward\":{\"type\":\"Currency\",\"id\":\"Coins\",\"value\":350}}],\"isUnique\":false},{\"State\":0,\"RequiredScore\":1750000,\"Rewards\":[{\"reward\":{\"type\":\"SeasonHuntToken\",\"id\":null,\"value\":10},\"fallbackReward\":{\"type\":\"Currency\",\"id\":\"Coins\",\"value\":350}},{\"reward\":{\"type\":\"Currency\",\"id\":\"EventCoins\",\"value\":900},\"fallbackReward\":{\"type\":\"Currency\",\"id\":\"Coins\",\"value\":400}}],\"isUnique\":false},{\"State\":0,\"RequiredScore\":2450000,\"Rewards\":[{\"reward\":{\"type\":\"SeasonHuntToken\",\"id\":null,\"value\":15},\"fallbackReward\":{\"type\":\"Currency\",\"id\":\"Coins\",\"value\":400}},{\"reward\":{\"type\":\"Currency\",\"id\":\"EventCoins\",\"value\":1500},\"fallbackReward\":{\"type\":\"Currency\",\"id\":\"Coins\",\"value\":500}},{\"reward\":{\"type\":\"Currency\",\"id\":\"Keys\",\"value\":3}}],\"isUnique\":false}],\"rewardUnlockOffset\":null,\"requirementsMultiplier\":7,\"roundingValue\":50000,\"successParameter\":0,\"successBehaviour\":1,\"matchmakingId\":\"dailyChallenge\",\"ruleSetId\":null,\"endAccess\":-1,\"requirements\":{\"access\":{\"data\":[{\"type\":\"BaseMultiplier\",\"operator\":\"GreaterEqual\",\"value\":\"6\"}],\"operator\":\"And\"},\"participation\":{\"data\":[{\"type\":\"SelectedCharacter\",\"operator\":\"Equal\",\"value\":\"jake, tricky, tagbot, tasha, ella\",\"meta\":{\"limitRuns\":[1,1,1,1,1],\"cooldown\":[900,900,900,900,600],\"skipCost\":[{\"currencyType\":\"Keys\",\"amount\":4},{\"currencyType\":\"Keys\",\"amount\":4},{\"currencyType\":\"Keys\",\"amount\":4},{\"currencyType\":\"Keys\",\"amount\":4},{\"currencyType\":\"Keys\",\"amount\":4}]}}],\"operator\":\"And\"},\"progress\":{\"data\":[{\"type\":\"City\",\"operator\":\"Equal\",\"value\":\"copenhagenviking\"}],\"operator\":\"And\"}},\"kind\":4,\"targetCity\":\"copenhagenviking\",\"markAsSeen\":true},\"dailyChallenge\":{\"challengeId\":\"dailyChallenge\",\"currentSetEntryID\":\"v3_default_ranked\",\"default\":true,\"currentScore\":181244,\"lastSeenScore\":181244,\"startDate\":\"2022-05-18T00:00:00Z\",\"endDate\":\"2022-05-19T00:00:00Z\",\"sunsetPeriodInSeconds\":0,\"multiplierOnStart\":35,\"eliteChallenge\":{\"id\":\"daily_challenge_elite_tiers\",\"reviveHint\":\"percentilesDescription\",\"rewardTiers\":[{\"State\":0,\"Rewards\":[{\"reward\":{\"type\":\"Currency\",\"id\":\"Coins\",\"value\":5000}}],\"isUnique\":false,\"Label\":\"Participating\"},{\"State\":0,\"RequiredScore\":1904000,\"Rewards\":[{\"reward\":{\"type\":\"Currency\",\"id\":\"Coins\",\"value\":5000}},{\"reward\":{\"type\":\"Currency\",\"id\":\"Keys\",\"value\":1}}],\"isUnique\":false,\"Label\":\"50\"},{\"State\":0,\"RequiredScore\":2856000,\"Rewards\":[{\"reward\":{\"type\":\"Currency\",\"id\":\"Coins\",\"value\":5000}},{\"reward\":{\"type\":\"Currency\",\"id\":\"Keys\",\"value\":3}},{\"reward\":{\"type\":\"Currency\",\"id\":\"HeadStarts\",\"value\":3}}],\"isUnique\":false,\"Label\":\"10\"},{\"State\":0,\"RequiredScore\":3808000,\"Rewards\":[{\"reward\":{\"type\":\"Currency\",\"id\":\"Coins\",\"value\":5000}},{\"reward\":{\"type\":\"Currency\",\"id\":\"Keys\",\"value\":5}},{\"reward\":{\"type\":\"Currency\",\"id\":\"HeadStarts\",\"value\":5}},{\"reward\":{\"type\":\"Currency\",\"id\":\"ScoreBoosters\",\"value\":5}}],\"isUnique\":false,\"Label\":\"1\"}],\"unlockingValue\":750000,\"unlocked\":false,\"participating\":false,\"milestoneDisplayData\":{\"titleTextKey\":\"ui.dailyChallenge.percentiles_header\",\"imageId\":\"icon_elitechallenge\",\"groupId\":\"challenge\",\"dropdownTextKey\":\"ui.run.percentilesDropdown\"}},\"rewardStates\":[{\"State\":1,\"RequiredScore\":50000,\"Rewards\":[{\"reward\":{\"type\":\"Currency\",\"id\":\"ScoreBoosters\",\"value\":1}},{\"reward\":{\"type\":\"Currency\",\"id\":\"EventCoins\",\"value\":50},\"fallbackReward\":{\"type\":\"Currency\",\"id\":\"Coins\",\"value\":50}}],\"isUnique\":false},{\"State\":2,\"RequiredScore\":50000,\"AdRequired\":true,\"Rewards\":[{\"reward\":{\"type\":\"Currency\",\"id\":\"Hoverboards\",\"value\":3}},{\"reward\":{\"type\":\"Currency\",\"id\":\"EventCoins\",\"value\":300},\"fallbackReward\":{\"type\":\"Currency\",\"id\":\"Coins\",\"value\":150}}],\"isUnique\":false},{\"State\":1,\"RequiredScore\":150000,\"Rewards\":[{\"reward\":{\"type\":\"Currency\",\"id\":\"ScoreBoosters\",\"value\":1}},{\"reward\":{\"type\":\"Currency\",\"id\":\"EventCoins\",\"value\":100},\"fallbackReward\":{\"type\":\"Currency\",\"id\":\"Coins\",\"value\":100}}],\"isUnique\":false},{\"State\":0,\"RequiredScore\":250000,\"Rewards\":[{\"reward\":{\"type\":\"Currency\",\"id\":\"HeadStarts\",\"value\":1}},{\"reward\":{\"type\":\"Currency\",\"id\":\"EventCoins\",\"value\":100},\"fallbackReward\":{\"type\":\"Currency\",\"id\":\"Coins\",\"value\":100}}],\"isUnique\":false},{\"State\":0,\"RequiredScore\":450000,\"Rewards\":[{\"reward\":{\"type\":\"Currency\",\"id\":\"ScoreBoosters\",\"value\":1}},{\"reward\":{\"type\":\"Currency\",\"id\":\"EventCoins\",\"value\":100},\"fallbackReward\":{\"type\":\"Currency\",\"id\":\"Coins\",\"value\":100}}],\"isUnique\":false},{\"State\":0,\"RequiredScore\":750000,\"Rewards\":[{\"reward\":{\"type\":\"Currency\",\"id\":\"Keys\",\"value\":3}},{\"reward\":{\"type\":\"Currency\",\"id\":\"Coins\",\"value\":1000}},{\"reward\":{\"type\":\"Currency\",\"id\":\"EventCoins\",\"value\":350},\"fallbackReward\":{\"type\":\"Currency\",\"id\":\"Coins\",\"value\":350}}],\"isUnique\":false}],\"rewardUnlockOffset\":null,\"requirementsMultiplier\":10,\"roundingValue\":5000,\"successParameter\":0,\"successBehaviour\":0,\"matchmakingId\":\"dailyChallenge\",\"ruleSetId\":null,\"relatedChallenge\":\"coinChallenge\",\"lastSubmittedScore\":181244,\"endAccess\":-1,\"requirements\":{\"access\":{\"data\":[{\"type\":\"BaseMultiplier\",\"operator\":\"GreaterEqual\",\"value\":\"4\"}],\"operator\":\"And\"},\"progress\":{\"operator\":\"And\"}},\"kind\":1,\"markAsSeen\":true},\"super_runner_challenge\":{\"challengeId\":\"super_runner_challenge\",\"currentSetEntryID\":\"super_runner_challenge\",\"default\":false,\"currentScore\":2400000,\"startDate\":\"2022-05-16T00:00:00Z\",\"endDate\":\"2022-06-06T00:00:00Z\",\"sunsetPeriodInSeconds\":259200,\"multiplierOnStart\":30,\"eliteChallenge\":null,\"rewardStates\":[{\"State\":10,\"RequiredScore\":200000,\"Rewards\":[{\"reward\":{\"type\":\"Currency\",\"id\":\"Hoverboards\",\"value\":3}},{\"reward\":{\"type\":\"Currency\",\"id\":\"Coins\",\"value\":150}}],\"isUnique\":false},{\"State\":10,\"RequiredScore\":700000,\"AdRequired\":true,\"optionalMultiplier\":2,\"Rewards\":[{\"reward\":{\"type\":\"Currency\",\"id\":\"ScoreBoosters\",\"value\":1}},{\"reward\":{\"type\":\"Currency\",\"id\":\"Coins\",\"value\":200}}],\"isUnique\":false},{\"State\":10,\"RequiredScore\":1200000,\"Rewards\":[{\"reward\":{\"type\":\"Currency\",\"id\":\"HeadStarts\",\"value\":1}},{\"reward\":{\"type\":\"Currency\",\"id\":\"Coins\",\"value\":250}}],\"isUnique\":false},{\"State\":10,\"RequiredScore\":1700000,\"Rewards\":[{\"reward\":{\"type\":\"Currency\",\"id\":\"Hoverboards\",\"value\":4}},{\"reward\":{\"type\":\"Currency\",\"id\":\"Coins\",\"value\":350}}],\"isUnique\":false},{\"State\":10,\"RequiredScore\":2400000,\"Rewards\":[{\"reward\":{\"type\":\"Currency\",\"id\":\"ScoreBoosters\",\"value\":1}},{\"reward\":{\"type\":\"Currency\",\"id\":\"Coins\",\"value\":500}},{\"reward\":{\"type\":\"Currency\",\"id\":\"Keys\",\"value\":3}}],\"isUnique\":false},{\"State\":0,\"RequiredScore\":3100000,\"GroupId\":1,\"Rewards\":[{\"reward\":{\"type\":\"Currency\",\"id\":\"HeadStarts\",\"value\":1}},{\"reward\":{\"type\":\"Currency\",\"id\":\"Coins\",\"value\":250}}],\"isUnique\":false},{\"State\":0,\"RequiredScore\":3700000,\"AdRequired\":true,\"optionalMultiplier\":2,\"GroupId\":1,\"Rewards\":[{\"reward\":{\"type\":\"Currency\",\"id\":\"ScoreBoosters\",\"value\":1}},{\"reward\":{\"type\":\"Currency\",\"id\":\"Coins\",\"value\":300}}],\"isUnique\":false},{\"State\":0,\"RequiredScore\":4400000,\"GroupId\":1,\"Rewards\":[{\"reward\":{\"type\":\"Currency\",\"id\":\"Hoverboards\",\"value\":4}},{\"reward\":{\"type\":\"Currency\",\"id\":\"Coins\",\"value\":350}}],\"isUnique\":false},{\"State\":0,\"RequiredScore\":5100000,\"GroupId\":1,\"Rewards\":[{\"reward\":{\"type\":\"Currency\",\"id\":\"HeadStarts\",\"value\":1}},{\"reward\":{\"type\":\"Currency\",\"id\":\"Coins\",\"value\":500}}],\"isUnique\":false},{\"State\":0,\"RequiredScore\":5800000,\"GroupId\":1,\"Rewards\":[{\"reward\":{\"type\":\"Currency\",\"id\":\"Hoverboards\",\"value\":5}},{\"reward\":{\"type\":\"Currency\",\"id\":\"Coins\",\"value\":750}},{\"reward\":{\"type\":\"Currency\",\"id\":\"Keys\",\"value\":5}}],\"isUnique\":false},{\"State\":0,\"RequiredScore\":6500000,\"GroupId\":2,\"Rewards\":[{\"reward\":{\"type\":\"Currency\",\"id\":\"ScoreBoosters\",\"value\":1}},{\"reward\":{\"type\":\"Currency\",\"id\":\"Coins\",\"value\":350}}],\"isUnique\":false},{\"State\":0,\"RequiredScore\":7300000,\"AdRequired\":true,\"optionalMultiplier\":2,\"GroupId\":2,\"Rewards\":[{\"reward\":{\"type\":\"Currency\",\"id\":\"Hoverboards\",\"value\":3}},{\"reward\":{\"type\":\"Currency\",\"id\":\"Coins\",\"value\":400}}],\"isUnique\":false},{\"State\":0,\"RequiredScore\":8100000,\"GroupId\":2,\"Rewards\":[{\"reward\":{\"type\":\"Currency\",\"id\":\"HeadStarts\",\"value\":1}},{\"reward\":{\"type\":\"Currency\",\"id\":\"Coins\",\"value\":450}}],\"isUnique\":false},{\"State\":0,\"RequiredScore\":8800000,\"GroupId\":2,\"Rewards\":[{\"reward\":{\"type\":\"Currency\",\"id\":\"ScoreBoosters\",\"value\":1}},{\"reward\":{\"type\":\"Currency\",\"id\":\"Coins\",\"value\":500}}],\"isUnique\":false},{\"State\":0,\"RequiredScore\":9600000,\"GroupId\":2,\"Rewards\":[{\"reward\":{\"type\":\"Hoverboard\",\"id\":\"superSurfer.default\",\"value\":1},\"fallbackReward\":{\"type\":\"Currency\",\"id\":\"Keys\",\"value\":5}}],\"isUnique\":false},{\"State\":0,\"RequiredScore\":10000000,\"GroupId\":3,\"Rewards\":[{\"reward\":{\"type\":\"Currency\",\"id\":\"ScoreBoosters\",\"value\":1}},{\"reward\":{\"type\":\"Currency\",\"id\":\"Coins\",\"value\":550}}],\"isUnique\":false},{\"State\":0,\"RequiredScore\":11500000,\"AdRequired\":true,\"optionalMultiplier\":2,\"GroupId\":3,\"Rewards\":[{\"reward\":{\"type\":\"Currency\",\"id\":\"Hoverboards\",\"value\":4}},{\"reward\":{\"type\":\"Currency\",\"id\":\"Coins\",\"value\":600}}],\"isUnique\":false},{\"State\":0,\"RequiredScore\":12500000,\"GroupId\":3,\"Rewards\":[{\"reward\":{\"type\":\"Currency\",\"id\":\"HeadStarts\",\"value\":1}},{\"reward\":{\"type\":\"Currency\",\"id\":\"Coins\",\"value\":650}}],\"isUnique\":false},{\"State\":0,\"RequiredScore\":13400000,\"GroupId\":3,\"Rewards\":[{\"reward\":{\"type\":\"Currency\",\"id\":\"Hoverboards\",\"value\":5}},{\"reward\":{\"type\":\"Currency\",\"id\":\"Coins\",\"value\":700}}],\"isUnique\":false},{\"State\":0,\"RequiredScore\":14400000,\"GroupId\":3,\"Rewards\":[{\"reward\":{\"type\":\"Currency\",\"id\":\"ScoreBoosters\",\"value\":2}},{\"reward\":{\"type\":\"Currency\",\"id\":\"Coins\",\"value\":750}},{\"reward\":{\"type\":\"Currency\",\"id\":\"Keys\",\"value\":10}}],\"isUnique\":false},{\"State\":0,\"RequiredScore\":16000000,\"GroupId\":4,\"Rewards\":[{\"reward\":{\"type\":\"Currency\",\"id\":\"ScoreBoosters\",\"value\":1}},{\"reward\":{\"type\":\"Currency\",\"id\":\"Coins\",\"value\":800}}],\"isUnique\":false},{\"State\":0,\"RequiredScore\":17000000,\"AdRequired\":true,\"optionalMultiplier\":2,\"GroupId\":4,\"Rewards\":[{\"reward\":{\"type\":\"Currency\",\"id\":\"Hoverboards\",\"value\":3}},{\"reward\":{\"type\":\"Currency\",\"id\":\"Coins\",\"value\":850}}],\"isUnique\":false},{\"State\":0,\"RequiredScore\":18000000,\"GroupId\":4,\"Rewards\":[{\"reward\":{\"type\":\"Currency\",\"id\":\"HeadStarts\",\"value\":1}},{\"reward\":{\"type\":\"Currency\",\"id\":\"Coins\",\"value\":900}}],\"isUnique\":false},{\"State\":0,\"RequiredScore\":19000000,\"GroupId\":4,\"Rewards\":[{\"reward\":{\"type\":\"Currency\",\"id\":\"ScoreBoosters\",\"value\":1}},{\"reward\":{\"type\":\"Currency\",\"id\":\"Coins\",\"value\":1000}}],\"isUnique\":false},{\"State\":0,\"RequiredScore\":20000000,\"GroupId\":4,\"Rewards\":[{\"reward\":{\"type\":\"Character\",\"id\":\"superRunnerJake.default\",\"value\":1},\"fallbackReward\":{\"type\":\"Currency\",\"id\":\"Keys\",\"value\":10}}],\"isUnique\":true}],\"rewardUnlockOffset\":[24,96,168,264],\"requirementsMultiplier\":10,\"roundingValue\":100000,\"successParameter\":0,\"successBehaviour\":1,\"matchmakingId\":\"dailyChallenge\",\"ruleSetId\":null,\"endAccess\":-1,\"requirements\":{\"access\":{\"data\":[{\"type\":\"BaseMultiplier\",\"operator\":\"GreaterEqual\",\"value\":\"4\"}],\"operator\":\"And\"},\"participation\":{\"data\":[{\"type\":\"SelectedCharacter\",\"operator\":\"Equal\",\"value\":\"superRunnerJake\",\"meta\":{\"limitRuns\":[1],\"tryable\":[true],\"cooldown\":[7200],\"skipCost\":[{\"currencyType\":\"Keys\",\"amount\":4}],\"skipCosts\":[{\"items\":[{\"currencyType\":\"Keys\",\"amount\":1},{\"currencyType\":\"Keys\",\"amount\":2},{\"currencyType\":\"Keys\",\"amount\":4},{\"currencyType\":\"Keys\",\"amount\":8}]}],\"alternativeSkipCost\":[{\"currencyType\":\"None\",\"adPlacement\":\"skipCharacterCooldown\"}]}}],\"operator\":\"And\"},\"progress\":{\"data\":[{\"type\":\"City\",\"operator\":\"Equal\",\"value\":\"copenhagensuperrunner\"}],\"operator\":\"And\"}},\"kind\":4,\"targetCity\":\"copenhagensuperrunner\",\"markAsSeen\":true,\"skipStageCurrency\":{\"currencyType\":\"Keys\",\"adPlacement\":null},\"skipStageConfiguration\":{\"max\":400,\"steepness\":20,\"sheerness\":9.9999997473787516E-06}},\"coinChallenge\":{\"challengeId\":\"coinChallenge\",\"currentSetEntryID\":\"fallback_coin\",\"default\":true,\"currentScore\":138,\"lastSeenScore\":116,\"startDate\":\"2022-05-18T04:00:00Z\",\"endDate\":\"2022-05-19T04:00:00Z\",\"sunsetPeriodInSeconds\":0,\"multiplierOnStart\":30,\"eliteChallenge\":null,\"rewardStates\":[{\"State\":0,\"RequiredScore\":250,\"Rewards\":[{\"reward\":{\"type\":\"Currency\",\"id\":\"EventCoins\",\"value\":50},\"fallbackReward\":{\"type\":\"Currency\",\"id\":\"Coins\",\"value\":50}}],\"isUnique\":false},{\"State\":0,\"RequiredScore\":500,\"AdRequired\":true,\"Rewards\":[{\"reward\":{\"type\":\"Currency\",\"id\":\"EventCoins\",\"value\":300},\"fallbackReward\":{\"type\":\"Currency\",\"id\":\"Coins\",\"value\":300}}],\"isUnique\":false},{\"State\":0,\"RequiredScore\":1000,\"Rewards\":[{\"reward\":{\"type\":\"Currency\",\"id\":\"EventCoins\",\"value\":150},\"fallbackReward\":{\"type\":\"Currency\",\"id\":\"Coins\",\"value\":150}},{\"reward\":{\"type\":\"Currency\",\"id\":\"Hoverboards\",\"value\":2}}],\"isUnique\":false},{\"State\":0,\"RequiredScore\":1500,\"GroupId\":1,\"Rewards\":[{\"reward\":{\"type\":\"Currency\",\"id\":\"EventCoins\",\"value\":200},\"fallbackReward\":{\"type\":\"Currency\",\"id\":\"Coins\",\"value\":200}}],\"isUnique\":false},{\"State\":0,\"RequiredScore\":2000,\"GroupId\":1,\"Rewards\":[{\"reward\":{\"type\":\"Currency\",\"id\":\"EventCoins\",\"value\":250},\"fallbackReward\":{\"type\":\"Currency\",\"id\":\"Coins\",\"value\":250}},{\"reward\":{\"type\":\"Currency\",\"id\":\"HeadStarts\",\"value\":1}}],\"isUnique\":false},{\"State\":0,\"RequiredScore\":2500,\"GroupId\":2,\"Rewards\":[{\"reward\":{\"type\":\"Currency\",\"id\":\"EventCoins\",\"value\":300},\"fallbackReward\":{\"type\":\"Currency\",\"id\":\"Coins\",\"value\":300}}],\"isUnique\":false},{\"State\":0,\"RequiredScore\":3000,\"GroupId\":2,\"Rewards\":[{\"reward\":{\"type\":\"Currency\",\"id\":\"EventCoins\",\"value\":450},\"fallbackReward\":{\"type\":\"Currency\",\"id\":\"Coins\",\"value\":450}},{\"reward\":{\"type\":\"Currency\",\"id\":\"ScoreBoosters\",\"value\":2}}],\"isUnique\":false}],\"rewardUnlockOffset\":null,\"requirementsMultiplier\":1,\"successParameter\":1,\"successBehaviour\":1,\"ruleSetId\":null,\"lastSubmittedScore\":138,\"endAccess\":-1,\"requirements\":{\"access\":{\"data\":[{\"type\":\"BaseMultiplier\",\"operator\":\"GreaterEqual\",\"value\":\"4\"}],\"operator\":\"And\"},\"progress\":{\"operator\":\"And\"}},\"kind\":2}}}"}