{"version":1,"data":"{\"lastSaved\":\"2022-05-18T07:21:52.866801Z\",\"patchVersion\":0,\"current_notifications\":[{\"path\":\"main.freeTokenboxGift\",\"type\":1,\"startTime\":\"2018-11-13T00:20:11.452978Z\",\"expiration\":\"0001-01-02T06:00:00Z\",\"seenPath\":\"main.freeTokenboxGift\",\"canBeSeen\":true},{\"path\":\"hunts.newDailyEvent\",\"type\":1,\"startTime\":\"2021-03-15T15:39:12.482293Z\",\"expiration\":\"0001-01-01T08:00:00Z\",\"seenPath\":\"\",\"canBeSeen\":true},{\"path\":\"freeStuff.weeklyFacebookGift\",\"type\":2,\"startTime\":\"0001-01-01T08:00:00Z\",\"expiration\":\"0001-01-01T08:00:00Z\",\"seenPath\":\"freeStuff.weeklyFacebookGift\",\"canBeSeen\":true},{\"path\":\"endRun.leaderboards\",\"type\":1,\"startTime\":\"0001-01-01T08:00:00Z\",\"expiration\":\"0001-01-01T08:00:00Z\",\"seenPath\":\"endRun.leaderboards\",\"canBeSeen\":true},{\"path\":\"freeStuff.rewardWithAds\",\"type\":6,\"startTime\":\"0001-01-01T08:00:00Z\",\"expiration\":\"0001-01-01T08:00:00Z\",\"seenPath\":\"freeStuff.rewardWithAds\",\"canBeSeen\":true},{\"path\":\"quests.missions.nodeFTUE\",\"type\":1,\"startTime\":\"2022-04-11T06:15:04.384242Z\",\"expiration\":\"0001-01-01T08:00:00Z\",\"seenPath\":\"quests.missions.nodeFTUE\",\"canBeSeen\":true},{\"path\":\"shop.shop.freeLootbox\",\"type\":2,\"startTime\":\"0001-01-02T05:00:00Z\",\"expiration\":\"0001-01-02T05:00:00Z\",\"seenPath\":\"\",\"canBeSeen\":false},{\"path\":\"me.boards.groovy.default\",\"type\":3,\"startTime\":\"2022-05-14T10:44:10.429447Z\",\"expiration\":\"2022-05-19T09:47:05.166692Z\",\"seenPath\":\"\",\"canBeSeen\":true},{\"path\":\"me.characters.lana\",\"type\":4,\"startTime\":\"2022-05-16T09:41:32.187061Z\",\"expiration\":\"2022-06-06T00:00:00Z\",\"seenPath\":\"me.characters.lana\",\"canBeSeen\":true},{\"path\":\"me.characters.superRunnerJake\",\"type\":4,\"startTime\":\"2022-05-16T09:41:32.187061Z\",\"expiration\":\"2022-06-06T00:00:00Z\",\"seenPath\":\"me.characters.superRunnerJake\",\"canBeSeen\":true},{\"path\":\"me.boards.superSurfer.default\",\"type\":3,\"startTime\":\"2022-05-16T09:41:32.187061Z\",\"expiration\":\"2022-06-06T00:00:00Z\",\"seenPath\":\"me.boards.superSurfer.default\",\"canBeSeen\":true},{\"path\":\"me.characters.superRunnerJake.default\",\"type\":3,\"startTime\":\"2022-05-16T09:41:32.187061Z\",\"expiration\":\"2022-06-06T00:00:00Z\",\"seenPath\":\"me.characters.superRunnerJake.default\",\"canBeSeen\":true},{\"path\":\"me.boards.birthday2022.default\",\"type\":3,\"startTime\":\"2022-05-16T09:41:32.187061Z\",\"expiration\":\"2022-06-06T00:00:00Z\",\"seenPath\":\"me.boards.birthday2022.default\",\"canBeSeen\":true},{\"path\":\"shop.offers.birthday2022_default\",\"type\":1,\"startTime\":\"2022-05-17T01:11:20.033259Z\",\"expiration\":\"0001-01-01T08:00:00Z\",\"seenPath\":\"\",\"canBeSeen\":true},{\"path\":\"me.boards.viking.default\",\"type\":3,\"startTime\":\"2022-05-16T09:41:32.187061Z\",\"expiration\":\"2022-06-06T00:00:00Z\",\"seenPath\":\"\",\"canBeSeen\":true},{\"path\":\"me.characters.koral.default\",\"type\":3,\"startTime\":\"2022-05-16T09:41:32.187061Z\",\"expiration\":\"2022-05-23T00:00:00Z\",\"seenPath\":\"me.characters.koral.default\",\"canBeSeen\":true},{\"path\":\"me.characters.tankbot.default\",\"type\":3,\"startTime\":\"2022-05-16T09:41:32.187061Z\",\"expiration\":\"2022-05-23T00:00:00Z\",\"seenPath\":\"me.characters.tankbot.default\",\"canBeSeen\":true},{\"path\":\"me.characters.bobTheBlob.default\",\"type\":3,\"startTime\":\"2022-05-16T09:41:32.187061Z\",\"expiration\":\"2022-05-23T00:00:00Z\",\"seenPath\":\"me.characters.bobTheBlob.default\",\"canBeSeen\":true},{\"path\":\"me.boards.splash.default\",\"type\":3,\"startTime\":\"2022-05-14T05:57:33.531652Z\",\"expiration\":\"2022-05-19T09:47:05.166692Z\",\"seenPath\":\"\",\"canBeSeen\":true},{\"path\":\"me.characters.tricky\",\"type\":4,\"startTime\":\"2022-05-16T09:46:33.140229Z\",\"expiration\":\"2022-05-20T00:00:00Z\",\"seenPath\":\"\",\"canBeSeen\":true},{\"path\":\"me.characters.tagbot\",\"type\":4,\"startTime\":\"2022-05-16T09:46:33.140229Z\",\"expiration\":\"2022-05-20T00:00:00Z\",\"seenPath\":\"\",\"canBeSeen\":true},{\"path\":\"me.characters.tasha\",\"type\":4,\"startTime\":\"2022-05-16T09:46:33.140229Z\",\"expiration\":\"2022-05-20T00:00:00Z\",\"seenPath\":\"\",\"canBeSeen\":true},{\"path\":\"me.characters.ella\",\"type\":4,\"startTime\":\"2022-05-16T09:44:16.145656Z\",\"expiration\":\"2022-05-20T00:00:00Z\",\"seenPath\":\"\",\"canBeSeen\":true},{\"path\":\"me.characters.freya.default\",\"type\":3,\"startTime\":\"2022-05-16T09:46:33.140229Z\",\"expiration\":\"2022-06-06T00:00:00Z\",\"seenPath\":\"\",\"canBeSeen\":true},{\"path\":\"me.characters.freya.vikingOutfit\",\"type\":3,\"startTime\":\"2022-05-16T09:46:33.140229Z\",\"expiration\":\"2022-06-06T00:00:00Z\",\"seenPath\":\"\",\"canBeSeen\":true},{\"path\":\"me.characters.lana.default\",\"type\":3,\"startTime\":\"2022-05-16T09:46:33.140229Z\",\"expiration\":\"2022-06-06T00:00:00Z\",\"seenPath\":\"me.characters.lana.default\",\"canBeSeen\":true},{\"path\":\"me.characters.lana.nordicOutfit\",\"type\":3,\"startTime\":\"2022-05-16T09:46:33.140229Z\",\"expiration\":\"2022-06-06T00:00:00Z\",\"seenPath\":\"me.characters.lana.nordicOutfit\",\"canBeSeen\":true},{\"path\":\"me.characters.trym.default\",\"type\":3,\"startTime\":\"2022-05-16T09:46:33.140229Z\",\"expiration\":\"2022-06-06T00:00:00Z\",\"seenPath\":\"me.characters.trym.default\",\"canBeSeen\":true},{\"path\":\"me.boards.bengal.default\",\"type\":3,\"startTime\":\"2022-05-16T09:47:09.255328Z\",\"expiration\":\"2022-05-21T07:21:42.37681Z\",\"seenPath\":\"\",\"canBeSeen\":true},{\"path\":\"me.characters.mina.default\",\"type\":3,\"startTime\":\"2022-05-16T09:47:09.255328Z\",\"expiration\":\"2022-05-19T09:47:05.166692Z\",\"seenPath\":\"\",\"canBeSeen\":true},{\"path\":\"me.characters.diego.default\",\"type\":3,\"startTime\":\"2022-05-16T09:22:48.267851Z\",\"expiration\":\"2022-05-19T09:22:44.159591Z\",\"seenPath\":\"\",\"canBeSeen\":true},{\"path\":\"me.boards.kitty.default\",\"type\":3,\"startTime\":\"2022-05-16T09:22:48.267851Z\",\"expiration\":\"2022-05-19T09:46:29.027041Z\",\"seenPath\":\"\",\"canBeSeen\":true},{\"path\":\"me.boards.bubblegum.default\",\"type\":3,\"startTime\":\"2022-05-16T09:46:33.140229Z\",\"expiration\":\"2022-05-19T09:46:29.027041Z\",\"seenPath\":\"\",\"canBeSeen\":true},{\"path\":\"me.characters.carlos.default\",\"type\":3,\"startTime\":\"2022-05-15T18:42:12.725463Z\",\"expiration\":\"2022-05-18T18:42:08.64718Z\",\"seenPath\":\"\",\"canBeSeen\":true},{\"path\":\"me.characters.ez.default\",\"type\":3,\"startTime\":\"2022-05-15T18:42:12.725463Z\",\"expiration\":\"2022-05-18T18:42:08.64718Z\",\"seenPath\":\"\",\"canBeSeen\":true},{\"path\":\"me.characters.zoe.bikerOutfit\",\"type\":3,\"startTime\":\"2022-05-16T09:15:17.846428Z\",\"expiration\":\"2022-05-23T00:00:00Z\",\"seenPath\":\"\",\"canBeSeen\":true},{\"path\":\"me.boards.skullFire.highSpeed\",\"type\":3,\"startTime\":\"2022-05-16T09:15:17.846428Z\",\"expiration\":\"2022-05-23T00:00:00Z\",\"seenPath\":\"\",\"canBeSeen\":true},{\"path\":\"me.boards.skullFire.doubleJump\",\"type\":3,\"startTime\":\"2022-05-16T09:15:17.846428Z\",\"expiration\":\"2022-05-23T00:00:00Z\",\"seenPath\":\"\",\"canBeSeen\":true},{\"path\":\"me.boards.skullFire.default\",\"type\":3,\"startTime\":\"2022-05-16T09:15:17.846428Z\",\"expiration\":\"2022-05-23T00:00:00Z\",\"seenPath\":\"\",\"canBeSeen\":true},{\"path\":\"me.boards.desertRacer.default\",\"type\":3,\"startTime\":\"2022-05-16T09:22:48.267851Z\",\"expiration\":\"2022-05-19T09:22:44.159591Z\",\"seenPath\":\"\",\"canBeSeen\":true},{\"path\":\"me.characters.amy.default\",\"type\":3,\"startTime\":\"2022-05-15T23:15:56.195358Z\",\"expiration\":\"2022-05-18T23:15:55.191895Z\",\"seenPath\":\"\",\"canBeSeen\":true},{\"path\":\"me.boards.renegade.default\",\"type\":3,\"startTime\":\"2022-05-15T23:15:56.195358Z\",\"expiration\":\"2022-05-19T09:22:44.159591Z\",\"seenPath\":\"\",\"canBeSeen\":true},{\"path\":\"me.characters.bobTheBlob\",\"type\":4,\"startTime\":\"2022-05-18T06:24:35.572283Z\",\"expiration\":\"2022-05-20T00:00:00Z\",\"seenPath\":\"\",\"canBeSeen\":false},{\"path\":\"me.characters.missMaia.default\",\"type\":3,\"startTime\":\"2022-05-18T06:40:08.746731Z\",\"expiration\":\"2022-05-21T06:40:08.746731Z\",\"seenPath\":\"\",\"canBeSeen\":true},{\"path\":\"me.characters.tony.default\",\"type\":3,\"startTime\":\"2022-05-18T07:18:51.035546Z\",\"expiration\":\"2022-05-21T07:18:45.957755Z\",\"seenPath\":\"\",\"canBeSeen\":true},{\"path\":\"me.characters.sofia.default\",\"type\":3,\"startTime\":\"2022-05-18T07:18:51.035546Z\",\"expiration\":\"2022-05-21T07:18:45.957755Z\",\"seenPath\":\"\",\"canBeSeen\":true},{\"path\":\"me.characters.ramona.default\",\"type\":3,\"startTime\":\"2022-05-17T13:24:18.134058Z\",\"expiration\":\"2022-05-20T13:24:17.131786Z\",\"seenPath\":\"me.characters.ramona.default\",\"canBeSeen\":true},{\"path\":\"me.characters.jaro.default\",\"type\":3,\"startTime\":\"2022-05-18T06:29:40.605033Z\",\"expiration\":\"2022-05-19T06:29:40.605033Z\",\"seenPath\":\"me.characters.jaro.default\",\"canBeSeen\":true},{\"path\":\"me.boards.jouster.default\",\"type\":3,\"startTime\":\"2022-05-18T06:29:40.605033Z\",\"expiration\":\"2022-05-19T06:29:40.605033Z\",\"seenPath\":\"\",\"canBeSeen\":true},{\"path\":\"me.characters.jolien.floristOutfit\",\"type\":3,\"startTime\":\"2022-05-18T06:30:20.853201Z\",\"expiration\":\"2022-05-19T06:30:17.806506Z\",\"seenPath\":\"me.characters.jolien.floristOutfit\",\"canBeSeen\":true},{\"path\":\"me.boards.pedal.default\",\"type\":3,\"startTime\":\"2022-05-18T06:30:20.853201Z\",\"expiration\":\"2022-05-19T06:30:17.806506Z\",\"seenPath\":\"me.boards.pedal.default\",\"canBeSeen\":true},{\"path\":\"me.characters.nina.default\",\"type\":3,\"startTime\":\"2022-05-18T06:40:08.746731Z\",\"expiration\":\"2022-05-21T06:39:51.325606Z\",\"seenPath\":\"\",\"canBeSeen\":true},{\"path\":\"me.characters.brandon.default\",\"type\":3,\"startTime\":\"2022-05-18T06:40:08.746731Z\",\"expiration\":\"2022-05-21T06:39:51.325606Z\",\"seenPath\":\"\",\"canBeSeen\":true},{\"path\":\"me.characters.coco.default\",\"type\":3,\"startTime\":\"2022-05-18T06:40:08.746731Z\",\"expiration\":\"2022-05-21T06:39:51.325606Z\",\"seenPath\":\"\",\"canBeSeen\":true},{\"path\":\"challenge.action.dailyChallenge\",\"type\":1,\"startTime\":\"2022-05-18T07:21:52.653117Z\",\"expiration\":\"0001-01-01T08:00:00Z\",\"seenPath\":\"\",\"canBeSeen\":false}]}"}