{"version":1,"data":"{\"lastSaved\":\"2022-05-18T07:21:52.67583Z\",\"patchVersion\":1,\"currentMissionSet\":39,\"activeMissions\":[{\"missionGoal\":200,\"claimedProgress\":200,\"missionProgress\":200,\"missionCompleted\":true,\"Target\":12,\"Condition\":0,\"CompletionType\":1,\"ClaimPlacementType\":0,\"Index\":0},{\"missionGoal\":5,\"claimedProgress\":0,\"missionProgress\":0,\"missionCompleted\":false,\"Target\":23,\"Condition\":2,\"CompletionType\":1,\"ClaimPlacementType\":0,\"Index\":1},{\"missionGoal\":120000,\"claimedProgress\":120000,\"missionProgress\":120000,\"missionCompleted\":true,\"Target\":8,\"Condition\":8192,\"CompletionType\":1,\"ClaimPlacementType\":0,\"Index\":2}],\"missionSetLastAdsCheckUpdateTime\":\"2022-05-13T22:56:26.45899Z\",\"currentSkipWithAdsMission\":1,\"hasVisitedMissionsScreen\":false,\"scoreMultiplierLastVisit\":40}"}