{"version":1,"data":"{\"lastSaved\":\"2022-05-18T07:21:43.988778Z\",\"patchVersion\":0,\"hasUnclaimedReward\":false,\"currentCountry\":\"us\",\"nextCountry\":null,\"currentScore\":2500787169852,\"unsubmittedScore\":{\"score\":0,\"scoreDate\":\"0001-01-01T08:00:00Z\",\"metadata\":null},\"previousScore\":0,\"previousBracket\":null,\"startDate\":\"2022-05-16T09:00:00Z\",\"lastClaimedTournamentStart\":\"0001-01-01T08:00:00Z\",\"friendRuns\":{},\"currentTopScoreMetadata\":[{\"key\":\"multiplier\",\"value\":\"6036\"},{\"key\":\"character\",\"value\":\"zombiejake\"},{\"key\":\"board\",\"value\":\"sweetheart\"}]}"}