{"version":1,"data":"{\"lastSaved\":\"2022-05-18T07:21:44.929349Z\",\"patchVersion\":0,\"updateAppViewLastSeen\":\"2022-02-01T10:17:35.432332Z\",\"ftuePopupsSeen\":[\"\",\"missions\",\"hoverboards\",\"social\",\"cloudSave\",\"ConnectAndCollect\"],\"hasSeenFirstTimeWelcome\":true,\"lastSeenDailyEvent\":\"\",\"newSeasonPopupShownForID\":\"copenhagen\",\"lastChallengePopupSeen\":\"copenhagenviking_tagteam_challenge\",\"localMailsSeen\":{\"northpole_welcome_from_clementine\":true,\"northpole_gift_rush\":true,\"northpole_instagram\":true,\"lny_congrats\":true,\"lny_welcome\":true,\"lny_valentines\":true,\"barcelona_welcome\":true,\"vancouver_welcome\":true,\"foolsday_welcome\":true,\"oxford_welcome\":true,\"monaco_welcome\":true,\"anniversary_countdown6\":true,\"anniversary_countdown5\":true,\"anniversary_countdown4\":true,\"anniversary_countdown7\":true,\"superrunners_logo_teaser\":true,\"mexico_city_halloween_message_02\":true,\"mexico_city_halloween_message_rewards_02\":true,\"mexico_city_halloween_message_01\":true,\"mexico_city_halloween_message_rewards_01\":true,\"vancouver_welcome_message\":true,\"play_2_plant_message_instagram\":true,\"play_2_plant_message_01\":true,\"play_2_plant_message_success\":true,\"play_2_plant_message_callback\":true,\"venice_beach_welcome_message\":true,\"rabbot_day\":true,\"anniversary_countdown3\":true,\"superrunners_trailer\":true,\"anniversary_countdown2\":true,\"superrunners_date_teaser\":true,\"events_screen_reminder\":true,\"copenhagen_welcome\":true,\"anniversary_countdown1\":true},\"lastSeenTooltipIds\":{\"youGotMailTip\":\"2022-06-04T15:26:18.778661Z\",\"collectSeasonItems\":\"2022-07-26T01:05:16.023542Z\",\"changeMusicTip\":\"2022-05-10T05:00:14.607855Z\",\"upgradesMovedTip\":\"2022-01-03T04:11:22.853555Z\",\"eventcoinsTip\":\"2022-12-25T11:23:20.846796Z\",\"eventsMoved\":\"2022-01-03T04:13:07.218144Z\",\"contestTip\":\"2022-05-07T12:53:31.819237Z\",\"newShopStuffTip\":\"2022-03-12T08:34:37.091436Z\",\"spendEventCoinsTip\":\"2022-05-03T21:45:00.744538Z\",\"unclaimedCalendarRewardStreak\":\"2022-05-17T06:19:18.72237Z\",\"unclaimedMissionSet\":\"2022-05-03T22:11:11.930345Z\"},\"popupSeenInfo\":{\"19\":{\"lastSeenTime\":\"2022-01-31T12:06:06.272311Z\",\"totalTimesSeen\":1,\"dailyTimesSeen\":1},\"15\":{\"lastSeenTime\":\"0001-01-02T06:00:00Z\",\"totalTimesSeen\":0,\"dailyTimesSeen\":0},\"17\":{\"lastSeenTime\":\"0001-01-02T06:00:00Z\",\"totalTimesSeen\":0,\"dailyTimesSeen\":0},\"3\":{\"lastSeenTime\":\"0001-01-02T06:00:00Z\",\"totalTimesSeen\":0,\"dailyTimesSeen\":0},\"9\":{\"lastSeenTime\":\"2022-05-18T06:41:06.109458Z\",\"totalTimesSeen\":60,\"dailyTimesSeen\":5},\"10\":{\"lastSeenTime\":\"2022-05-18T06:41:09.143196Z\",\"totalTimesSeen\":121,\"dailyTimesSeen\":2},\"16\":{\"lastSeenTime\":\"0001-01-02T06:00:00Z\",\"totalTimesSeen\":0,\"dailyTimesSeen\":0},\"18\":{\"lastSeenTime\":\"2022-05-18T06:24:36.575254Z\",\"totalTimesSeen\":26,\"dailyTimesSeen\":1},\"20\":{\"lastSeenTime\":\"2022-05-18T07:21:44.40257Z\",\"totalTimesSeen\":10,\"dailyTimesSeen\":1},\"11\":{\"lastSeenTime\":\"2022-11-22T21:13:18.189038Z\",\"totalTimesSeen\":80,\"dailyTimesSeen\":3},\"12\":{\"lastSeenTime\":\"0001-01-02T06:00:00Z\",\"totalTimesSeen\":0,\"dailyTimesSeen\":0},\"13\":{\"lastSeenTime\":\"0001-01-02T06:00:00Z\",\"totalTimesSeen\":0,\"dailyTimesSeen\":0},\"14\":{\"lastSeenTime\":\"0001-01-02T06:00:00Z\",\"totalTimesSeen\":0,\"dailyTimesSeen\":0},\"2\":{\"lastSeenTime\":\"2022-05-15T19:24:51.306259Z\",\"totalTimesSeen\":4,\"dailyTimesSeen\":1},\"8\":{\"lastSeenTime\":\"2022-06-06T23:06:08.280927Z\",\"totalTimesSeen\":18,\"dailyTimesSeen\":11},\"5\":{\"lastSeenTime\":\"2022-05-15T19:24:54.324008Z\",\"totalTimesSeen\":1,\"dailyTimesSeen\":1},\"7\":{\"lastSeenTime\":\"2022-02-01T10:17:33.560788Z\",\"totalTimesSeen\":1,\"dailyTimesSeen\":1},\"6\":{\"lastSeenTime\":\"2022-05-15T18:59:28.572218Z\",\"totalTimesSeen\":1,\"dailyTimesSeen\":1}},\"lastSeenPopupTime\":\"2022-05-18T07:21:44.40257Z\",\"promotionsSeenInfo\":{\"speed_crew_promo\":{\"lastSeenTime\":\"2022-05-16T07:16:00.206141Z\",\"removeAtTime\":\"2022-05-29T23:16:00.206141Z\"},\"ucb_zuri_promo\":{\"lastSeenTime\":\"2022-05-31T23:58:08.070601Z\",\"removeAtTime\":\"2022-06-14T15:58:08.070601Z\"},\"welcome_pack\":{\"lastSeenTime\":\"2022-05-18T14:41:07.125758Z\",\"removeAtTime\":\"2022-06-01T06:41:07.125758Z\"},\"cinco_de_mayo_bundle_promo\":{\"lastSeenTime\":\"2022-05-24T20:30:14.980787Z\",\"removeAtTime\":\"2022-06-07T12:30:14.980787Z\"},\"fan_made_bundle_promo\":{\"lastSeenTime\":\"2022-05-18T07:58:00.217596Z\",\"removeAtTime\":\"2022-05-31T23:58:00.217596Z\"},\"promo_two_bundles_keys_20_10\":{\"lastSeenTime\":\"2022-06-04T23:26:10.676626Z\",\"removeAtTime\":\"2022-06-18T15:26:10.676626Z\"},\"biker_bundle_promo\":{\"lastSeenTime\":\"2022-05-18T14:41:09.143196Z\",\"removeAtTime\":\"2022-06-01T06:41:09.143196Z\"},\"neo_bundle_promo\":{\"lastSeenTime\":\"2022-06-04T23:26:11.693679Z\",\"removeAtTime\":\"2022-06-18T15:26:11.693679Z\"},\"promo_two_bundles_coins_10_5\":{\"lastSeenTime\":\"2022-05-29T23:29:14.073222Z\",\"removeAtTime\":\"2022-06-12T15:29:14.073222Z\"},\"birthday_bonanza_popup_promo\":{\"lastSeenTime\":\"2022-05-29T23:29:15.073778Z\",\"removeAtTime\":\"2022-06-12T15:29:15.073778Z\"},\"backup_bundles\":{\"lastSeenTime\":\"2022-05-18T14:30:26.103484Z\",\"removeAtTime\":\"2022-06-01T06:30:26.103484Z\"}},\"challengesSeenData\":{\"marrakesh_staged_crew_challenge\":\"2022-05-02T00:00:00Z\",\"marrakesh_marathon_challenge\":\"2022-05-13T00:00:00Z\",\"super_runner_challenge\":\"2022-05-16T00:00:00Z\"},\"crossPromotionsSeen\":{}}"}