{"version":2,"data":"{\"lastSaved\":\"2022-05-18T07:21:52.815793Z\",\"patchVersion\":0,\"currencies\":{\"3\":{\"value\":2069051629,\"expirationType\":0},\"2\":{\"value\":2101222732,\"expirationType\":0},\"1\":{\"value\":2101255076,\"expirationType\":0},\"5\":{\"value\":2101230416,\"expirationType\":0},\"20\":{\"value\":250,\"expirationType\":0},\"4\":{\"value\":2101230392,\"expirationType\":0},\"22\":{\"value\":161,\"expirationType\":0},\"23\":{\"value\":252,\"expirationType\":0},\"21\":{\"value\":481,\"expirationType\":0},\"24\":{\"value\":397,\"expirationType\":0},\"700000000\":{\"value\":0,\"expirationType\":0},\"7000000\":{\"value\":0,\"expirationType\":0},\"6\":{\"value\":500,\"expirationValue\":1654498799999,\"expirationType\":1}},\"lootboxQueue\":{\"unopenedLootboxes\":{\"0\":[],\"24\":[],\"2\":[]}},\"currencyAllowedInRun\":{\"5\":true,\"4\":true},\"lootBoxesOpened\":{\"mini_mystery_box\":155,\"token_box\":132,\"mystery_box\":4070,\"super_mystery_box\":1193},\"ownedOnlyBuyOnceProducts\":[\"free_token_box\",\"best_friends_bundle\",\"new_years_bundle\",\"magical_bundle\",\"party_bundle\",\"ucb_alicia\",\"lunar_special_bundle\",\"ucb_sun\",\"dreamers_bundle\",\"lucky_bundle\",\"st_valentines_bundle\",\"ancient_bundle\",\"ucb_bjarki\",\"floral_pack\",\"prague_special_bundle\",\"zurich_bundle\",\"kawaii_bundle\",\"barcelona_crew\",\"beach_crew\",\"eco_bundle\",\"free_social_media_facebook\",\"yellowCab_default\",\"free_social_media_twitter\",\"hawaii_bundle\",\"kickoff_bundle\",\"vancouver_crew\",\"spring_pack\",\"oxford_mega_bundle\",\"beautifulBeasts_bundle\",\"speed_crew\",\"cinco_de_mayo_bundle\",\"ucb_zuri\",\"multiplier_pack\",\"chili_welcomepack_02\",\"free_social_media_discord\",\"free_social_media_tiktok\",\"free_social_media_instagram\",\"free_social_media_youtube\",\"chili_value_pack_01\",\"year_of_the_ox_bundle\",\"nflpa_character_bundle\",\"halloween_mega_bundle\",\"spooky_trio\",\"gamer_bundle\",\"cyberpunk_bundle\",\"winter_bundle\",\"festiveJake\",\"festiveTricky\",\"festive_mega_bundle\",\"chili_value_pack_02\",\"chili_value_pack_03\",\"chili_value_pack_04\",\"st_petersburg_bundle\",\"chili_value_pack_05\",\"mega_space_bundle\",\"green_buddies_bundle\",\"discovery_bundle\",\"future_bundle\",\"berlin_mega_bundle\",\"spacegirl_bundle\",\"venice_bundle\",\"tankbot_incaOutfit\",\"andy_gamerOutfit\",\"rat\",\"year_of_the_rat_bundle\",\"morgan\",\"woody_default\",\"lets_play_bundle\",\"outlaw_duo_bundle\",\"election_bundle\",\"chili_welcomepack_01\",\"ox\",\"pride_bundle\",\"fan_made_bundle\",\"coin_doubler\"]}"}